pH,TDS,Turbidity,Potability,Temp_C,Arsenic_ppb,Lead_ppb
9.445129837868656,13168.529155675998,3.8751652466165463,1,30.283475979536355,4.136495111964762,3.329925270175219
9.024845037417505,19859.67647580388,3.985250505743576,1,26.663481549275765,6.143786486302386,6.33327098241845
6.800119090315878,39143.40332881009,3.854939899721073,1,25.030047808249844,0.7231127862206392,5.503493335200127
7.174135162807995,20401.1024614714,3.939895656598684,1,26.657123468741055,6.881168002216708,0.9601366143551705
7.657991236998258,14245.78912129943,2.437296287559579,1,28.57710876964121,7.86797779829747,4.903799706280764
8.322986672402298,28049.646283166327,4.052135727552661,1,29.43049131378975,4.637425218325971,3.425641867400883
9.80272078232571,27357.456744580348,2.764633881427262,1,27.11206518681831,3.122307174632996,3.6191482895941642
6.101955230748901,15976.926225079347,3.5355963295430235,1,28.738577119851048,7.581029120835356,6.68487924888264
4.997770601283687,26849.194735446832,3.4046329060198497,1,25.307348483460377,3.5444120494503495,3.6119057686139047
4.815766790717072,16392.135068872325,4.37522381127182,1,25.5874652268931,1.288418258399101,3.606172642613566
6.548020558130832,25508.38694882565,3.6118603716661046,1,22.84417817489866,0.44539240378900646,0.27980981424017065
6.618010905584669,19598.86073972567,4.437695749140042,1,26.460685170599128,1.5132814445025753,2.443803175950557
7.788054732605206,29879.06014610585,3.3687572170739832,1,28.961879918454336,7.358997662272748,1.5976508643916216
5.191834327140628,14866.103863221915,3.859800939300224,1,25.676731856345267,4.430691942026778,0.3169606799093908
6.869638941459091,21728.821295296457,4.72670245351097,1,30.864265219114976,6.775154686834446,1.705530706626383
9.058628424072683,15737.46893784722,3.652134470079709,1,23.976420847779302,6.612431878473292,0.5528559919962688
7.29188832527326,27784.04848396934,5.328712788466374,1,20.04512415928261,2.8764375238507895,3.2361194261197053
7.275908773683996,22644.766347518867,5.062297798479729,1,22.728281746843223,5.318222941601976,5.953679584301284
6.512737123980129,22475.046873480987,4.612963629350583,1,22.182199752650483,4.095761250221596,0.22364307494935495
7.207886781343905,35804.29261340407,3.762741072399466,1,27.08277343042317,5.692872243996749,5.090221325784773
5.324941855611651,35344.658047005905,4.427137925692965,1,28.56176754656591,5.804769300967127,2.1296890111510067
7.082300649174803,29846.719056712125,3.485577388223123,1,23.799737622875604,4.902894088693279,2.3211797806025314
10.761897799889317,25999.953669432594,4.661798516052168,1,28.994263701055512,5.364378227868179,2.249278706318729
6.286806948436977,13777.37619108904,4.1048632751894125,1,19.547733895121432,4.80212816308308,3.413126931445307
9.79455869937693,20682.73174245486,2.9454187377034105,1,28.530408998526198,6.608665121142708,6.153195657524288
8.210443565143713,13933.085360107943,4.976055159693945,1,20.94815226737252,3.460902238196199,4.347460453767146
10.356118827208377,48621.56395153603,4.201849441297085,1,22.90801971341816,4.412271704824072,1.293787006644661
7.958984291884183,23625.813886131746,4.698007916123446,1,22.27456440042671,2.5882016426976504,1.4800454851525047
6.552847474374976,34006.42073313584,4.687986155246704,1,29.83691875877385,0.24050489397792693,2.9398258592600297
7.628552723143854,26244.036907954305,4.182057147919716,1,29.731782674071898,3.404581282286195,1.869499824822417
4.790840540243071,17862.3690025893,3.258858945031528,1,23.8154192456011,7.380816192385664,2.6381613059084676
7.710959938844849,6552.626314154267,4.288946820394494,1,24.850920715063793,2.3135743522288075,2.046666940350789
8.291299005968142,20008.13495738684,3.4247019206523897,1,27.48886945138009,5.739879283558351,3.8363815561455574
9.032660579144682,15618.170247930504,4.927218272272612,1,24.604890537373187,0.8987412851143473,0.34989851799380134
7.129424730462989,25840.578887671327,3.418610802866979,1,22.95818442656476,7.2922823567793005,5.186466906296418
8.075494507899103,29483.601853899763,3.682919645453329,1,27.337381261434388,4.262842394385844,5.382776714772076
10.04967371845643,11557.032038390476,5.133477823277881,1,23.555362342294014,0.7237394228023551,1.2889407760683045
5.667650646643197,16953.89873630931,3.633213756490487,1,26.913584647373295,3.007765436793524,2.212451057836179
6.795469009842269,15300.838671098294,5.163088153779066,1,28.88925842692014,1.8114269973614243,6.393016781357654
10.041027974912506,16266.434445278892,3.8075626058306695,1,22.042579424757903,3.5275884363402357,0.39384269311328934
7.296037733901175,36043.70663776605,4.168526117629012,1,27.468906589881993,1.9293919359157206,1.6745937305251952
5.862641232845869,44069.27215787578,5.507420939572829,1,20.840192992126237,7.374258574041062,3.041942283530542
7.29214180515922,33991.65156687047,4.466912564165001,1,20.71393557245176,3.6521114967698014,3.955153259172131
7.821970940156012,23318.18797602001,3.532958335149624,1,24.856762302400448,0.1332303478233034,3.2939862844181977
11.301793996392291,39227.61945662096,3.309580397460676,1,26.822850873064002,1.0832569198094186,3.5062426240233697
9.161088612884836,26618.05963677565,4.888061137333914,1,21.217337303425182,3.3718673826607493,5.235611371024888
7.798453676201213,32704.569285770576,4.107267203260775,1,25.01937602620524,3.97440338714489,2.450317650054415
5.564342490630351,11245.735766690404,2.2859878491983503,1,18.73787113017741,0.9308472020699291,0.3574126517295797
7.88659122732868,38852.029635921295,4.589983507854727,1,20.865114870112556,6.945637131910985,0.9683440627006835
9.597191856878178,21153.322826848344,5.145152870605282,1,25.539184829069914,4.264003155379685,0.3211953042103083
6.9642259425787305,29957.191215399744,3.9904375721644056,1,27.485236051315002,5.127212925723383,3.7487380257728953
7.672909522943807,22989.351184203028,4.268227481536438,1,25.897572175672774,2.06265881846847,3.986543498733017
5.382489039471649,18189.394980182748,4.173330283253801,1,28.519740043523832,0.5040691057440765,4.392626414794285
7.022952113429302,15978.355249095192,4.971907098518464,1,25.751459908564314,6.903149898623733,3.138513947726813
10.026223807942117,25510.09729821465,3.736228470573536,1,28.910286965877784,0.37844501905713424,3.096154653185012
5.500186640904189,21082.85204428116,4.178478951476263,1,23.984241968053478,4.363175710861079,5.531421193592182
7.54370046605691,19116.01208412308,3.630536578397464,1,21.664579002601332,2.7701413668589794,4.468702896193926
6.848331559049443,12837.506062969442,4.396604556065476,1,22.501228319651545,5.290277112180562,4.062131448866394
5.9102517293372046,15244.846394587465,3.660922907594773,1,24.027481354160955,1.18779083913779,5.688950515161309
9.567822726280443,38787.46270509904,4.197919054995084,1,28.886711245356935,5.01380567881511,0.119554372585825
4.296247023728075,19672.48721317725,4.16332898150423,1,28.22259887476538,5.588033666886426,6.4335955444792186
8.52966934763357,18203.730028658225,3.776040837433535,1,29.48451384892243,1.9297680525631231,1.5433422910294887
8.065339036104211,21366.283597986225,3.75639170748219,1,25.727533229645914,7.636083109389061,6.206990255168593
9.158445163262003,15797.030395803244,4.525236730798256,1,28.644173424627002,2.222230891157457,5.91533437022281
8.848586282929045,32033.332018857272,4.014681857976119,1,26.15260554096094,5.394160951522984,1.6202795370025298
9.495456381941786,18088.354849646388,4.168541279325788,1,23.547492233586077,6.026410736762039,4.4995496823836785
8.052893916459475,9025.07935959796,3.6348445415750232,1,28.070048824229616,2.6451070699450843,1.6501037782075727
6.425873866275697,11965.396508460652,3.731936502753873,1,25.58724742087152,5.351437524423686,2.569716183198429
7.757269665668284,25259.780548961884,4.165432285611471,1,25.668981404745477,1.9614384651567762,3.204901837197165
5.117390302624234,30914.111579007564,3.9371884418353353,1,30.82429604165554,0.20513209296093096,3.644576580151134
7.481535362094441,12088.41645033494,4.262065436945668,1,23.059368572735266,2.8393470377781567,1.7415003428813722
7.063646975622253,17941.811255910274,3.395866240165589,1,21.651344418747453,7.464066540192426,2.2865366647690353
6.87645104288265,21979.031670782228,4.54534092739007,1,24.49869259574297,0.563031457985026,1.752221975745505
4.812433652167467,11465.575643229397,3.020995900341481,1,24.69959954208777,6.541706170488648,0.6596778417586154
4.78886106249815,28174.620516250765,2.8968521864425583,1,26.03314992187436,3.3193016212769835,6.215754995476105
6.505872509363588,29534.690291753457,4.497528596739858,1,27.872236942781303,0.587224203341348,0.710461894214475
5.628406919430697,28334.49193746651,5.050683115260018,1,18.934856818033936,5.843865192529083,6.5972931935443295
5.966000488790355,17350.05853092619,4.177139265761123,1,20.82831248220348,5.341483972097652,3.170140381110403
6.3194315449597305,36278.71830879708,2.6531266883388063,1,29.89280653213301,7.877956135261549,4.160070843214285
5.991283475366895,29983.116007036537,4.840562301475423,1,23.360421399477755,5.790650232191785,2.963210997854154
10.272444272154384,18894.852393690708,3.179884727399671,1,18.52556793998796,0.39859715099446236,4.889939664259357
6.105140135043556,45249.44903301682,3.1030898440692822,1,26.1474789455054,0.15716535839193252,4.276077244124421
9.443358884146123,20438.2246900842,3.4866464085132063,1,21.20764412553479,5.30298504847955,4.554121023149781
6.887414371129534,29189.13672090755,4.564188355184362,1,30.091073789050267,7.170329438086516,4.6557962068506145
6.512900833266178,25151.41157350047,4.404040364778451,1,19.511139445799,7.125888845393067,0.6386825829140929
5.772718094851822,26124.93141464389,6.494249467472996,1,30.66341165061397,4.339006589903378,1.1391369658142023
9.73956194896991,13623.160062865045,2.568079876725237,1,26.55171003442805,5.556408062600379,5.5619954984965885
5.5419790193089264,20143.06526175514,3.6729759831771327,1,26.059064925310864,5.99691018565637,5.319594434291265
6.448931033409073,13979.165723295524,3.6221955223639024,1,23.25242385355529,1.9338256189708078,6.581120758987089
8.544708661673045,31429.37902924875,2.3181524802481963,1,27.21942325338536,5.303268698305688,3.8942548298315653
6.664003050003359,15902.945275663673,2.227727884059556,1,26.053622901529764,7.363435428355051,6.031070043979841
8.736371210915214,24283.658791140977,3.802116117316719,1,28.827135019535163,2.009491144173372,5.064454246276597
7.146976296126542,16911.20377300041,4.025762215893221,1,25.184081607255457,2.8331264058199586,0.3293909408740494
5.040331692395899,25653.690231044748,3.603325615207352,1,25.346740760573972,2.36482116250989,3.6305382317071118
6.259651602740059,37356.74640137827,4.213405262223435,1,31.090870117523515,0.9259713188854402,5.876247720945222
5.767349596865663,15417.932834388865,3.896090487367949,1,24.431424981925215,5.273016458317076,1.901659286286032
7.0889406421502255,13839.713425986323,5.661104287047449,1,26.928282078179866,6.313922661691491,4.19065122875616
8.029181612754343,19663.46942804372,4.388551011831945,1,25.048923402443442,7.469076632237859,5.9827002036368215
4.72578556493077,20834.294278345147,3.156331419586468,1,24.165744189238175,6.955526056063136,0.5382909596965807
8.195765359895596,10389.542537940964,3.218709224251616,1,22.774399905181244,7.566397900015322,4.29492538650339
6.4437536684450585,25740.412590741085,4.498684931428612,1,26.04743397199038,2.0994265026129617,2.6312235489137445
7.039094321089831,28827.36018562907,4.366031350632882,1,23.58932275019643,3.0242319009335783,2.769677702109547
7.543931304508226,24227.961139341915,3.703191305765389,1,21.156585161695272,4.346389313105569,0.41952562203943133
7.3401708843321565,12810.42316025056,3.919139532735149,1,28.20231629706963,1.3357002637405055,6.412687013934471
10.015189062467666,9064.035830800274,3.846547549446087,1,24.64766778267205,0.5542129404912924,2.095803484810726
6.334162775563274,23460.82138066364,4.038829793491571,1,23.843283837225798,1.9459844208359127,0.19864525754870896
8.892998479215112,22960.180643869724,3.619132804902203,1,29.04631514614069,7.031053462750766,4.996046817496855
8.165714932759002,16925.01229722553,3.920116479963848,1,22.24887410127586,5.331715518848905,5.928806979271655
4.931958445234491,31155.540218305283,5.045982883287057,1,23.74266790691824,2.2461896339789225,1.4982790259603254
8.977821883109304,20225.6429226288,3.1999996142418063,1,21.711481840011498,7.355388830986884,5.871959442437845
7.372611795824961,17606.885689078066,3.1825211188828444,1,23.798137617639973,7.2314459388182515,2.2309051989799986
9.10733038346176,24678.329289092,4.49213994862107,1,25.609647453338873,3.318479406909406,0.4900746233383688
6.7046354257784735,9727.761715714958,3.4221786198283937,1,23.696358368675913,6.572510015853356,2.18483559757621
3.623165848258656,26738.525360886008,5.370205548696381,1,21.88075497797587,0.396523530840988,1.746684134779307
7.966856823982582,21440.73884828446,5.115430914016896,1,25.682884262651946,0.8696985975829562,0.29088688243019684
8.907987117561257,33653.7619633927,4.6412585321295445,1,26.10235915791412,4.1463209729934185,2.762047912837065
5.898726324805972,21148.24190473068,4.899815187496653,1,24.834431925059445,2.7245841250051,4.560265505603467
9.51462662210288,16553.562437442186,2.645036370222636,1,21.274090875209698,0.36080578705322663,2.662142903697845
8.842463655897197,7839.318759829379,4.576728706441388,1,22.71907757801304,4.004177006344895,4.504547254593779
7.721078493617457,17248.61874200274,3.223951089800068,1,25.843710545417135,5.616868234047402,0.8711096011046748
9.0894210984221,32238.077782489603,4.43011601625449,1,20.97801882382466,1.4281146668295979,6.6017276377492164
1.757037115490783,41538.24273000266,2.9675541301719317,1,24.881501605021576,0.5744679668407923,3.1349930271250215
5.085429352833509,33455.24099482324,3.961730669540862,1,28.43432917873903,0.7969245392579145,1.569377930726239
9.545270521249014,25189.8306215794,4.983903465009575,1,20.410670007833133,5.267564661597559,2.8072157897312287
6.246264053794833,26408.88176751282,5.044454777717949,1,24.99718748703582,5.440863310174408,2.2312745223907102
8.596767212344783,15173.471149854351,3.2386929330871066,1,27.05275670891403,0.8671244095580031,3.990237960948065
6.436444496090232,19579.389545753744,3.415851385375155,1,25.163196402156903,7.029434603485859,4.249347701019123
7.33347772602672,16066.552124395566,4.772662700779373,1,30.42366273945587,7.714065297131224,1.0965050075959932
6.144759037662152,19981.31518756184,3.082080495833988,1,31.172197192399203,4.14654270302956,5.6928550467177725
5.393345914423263,28099.038729259817,4.633854752317118,1,25.825304213808003,4.9686839081972485,2.582500195905713
5.624819996402396,9028.760344852111,4.355489161530189,1,24.182623153530542,2.202780416069797,3.3837843773920597
5.768868031092238,31155.988820087405,3.0926263788262984,1,26.10449516115317,4.203354047055353,5.595751803634478
5.251353815475827,34768.93341990608,4.072252323176482,1,21.935236365755987,2.738857468221667,2.0483198137527645
7.68878591609137,29568.535852018093,3.9186731557714793,1,27.479663015834483,2.55280987719894,5.17226032103267
5.8427546011896965,13969.26156241775,4.490392564009722,1,24.139128768887392,0.2520043705157414,6.456689503409412
9.96124770904986,11939.769859279972,3.24658309722844,1,25.046772497507,2.876338074551513,5.782468581108243
7.417502636689077,24389.36288513361,3.3912406668716133,1,27.666658682245068,3.846325972148037,0.9097904497972001
3.633162828862528,28584.17580970699,3.349571655135964,1,22.208245058013347,3.104673118141439,2.9458663906862292
9.900814840038256,16233.134679362192,2.3950021100616565,1,30.27227732107707,6.095120184709987,0.37083091079084163
10.26843050116335,13753.99337343067,4.304689262186712,1,23.882643195253163,2.7132313176955036,1.0388715705829368
0.2274990502021987,39028.59934029076,3.545741437567914,1,25.956165831568267,3.425522402292832,5.932999998077181
6.0172609236891335,15157.268786501596,4.427712282297473,1,15.794991765743363,5.438252280403518,1.5100661514621698
7.110845138033223,25043.53280335705,5.712792127184658,1,21.015169462810427,0.2094738182348698,5.724640361515216
8.129341720237186,22982.927444607063,4.822043563607494,1,21.013353406040224,2.4177103661341044,3.961988433581981
10.252816232929478,18158.842119050863,4.559836218772728,1,28.13595102628588,4.563773618787981,6.376975913148112
9.239440361060408,14829.624212321543,3.471971127332792,1,17.36249600029698,7.571531684372512,2.804672740371208
7.071314192217861,20038.796416929355,4.293726559748635,1,28.08571330807291,5.5465059014140055,1.7052641313234118
7.11589526567209,18463.88366234153,3.736020547055431,1,24.954270765707975,1.1366097767290568,5.910103491108993
8.238996596889073,25046.798640288314,3.089923748952148,1,24.723312486465588,6.675505418008346,6.926819990267974
6.161779499462049,12229.647584088483,4.003547029108377,1,24.6360952913925,5.413842600372902,6.8364601791230255
7.061845519716819,11300.238108793832,3.958248504440257,1,22.281282516291206,5.700190613396769,4.650296159422264
7.481397771916631,13781.780283955726,4.039976289796705,1,19.937715398618682,1.0070841879819794,2.647360508566949
8.082148076453887,28407.66102588473,3.3734845141195007,1,27.292596429150798,5.172463347337141,3.3413680685922986
7.70218309918713,18126.030963032397,4.382159162064481,1,27.57871462651828,4.26721204224667,3.9494164601231097
6.75076118602011,23642.992596628425,2.77772626475094,1,21.018954384825502,2.787340570169563,5.4036703835059035
6.323942072569584,23234.788934234868,3.5750105760990736,1,26.472923990888184,4.506948724203417,6.676166680365042
8.581428693706043,20590.71211413799,3.388448221942008,1,21.556375188330065,5.261271388455861,2.3171564401847715
9.888941401311577,19892.38891391681,3.750163510344408,1,23.869002372710977,2.8003719019280293,5.035138599002203
8.390500571895505,27032.14226185955,4.150359337290418,1,22.861088841952153,1.8297432940276896,6.510277520998682
7.581944679656733,21675.682866428637,4.833345773568087,1,27.872837172951986,5.35793012095158,3.8371359169636605
9.850054687400435,35289.2371102066,4.521836126865956,1,22.05457876826863,3.904277931130171,2.2586471278813405
9.663653196397622,13213.578253600464,4.741944304660503,1,24.397179581292317,7.056027487744571,2.880317647053081
7.935607325113079,19657.84331499779,3.61965073748165,1,24.225755867846928,4.092688940882309,4.396660467379502
6.920342898512878,16689.79960375622,3.2662134754089074,1,25.903622407953687,2.6870085160683677,5.349924625715188
10.53809844277246,13867.244195734918,3.823092676110029,1,23.08973158016092,7.708062520935751,6.784274631549398
5.72930291193782,34573.678785724354,3.5563948119631066,1,29.657733967519086,5.914520176165117,2.5275292820937167
5.33568880893353,37993.182754531095,3.9219763810567607,1,21.431028490675278,6.372747916521203,2.206596463767415
6.769834880813582,34596.001871740686,3.655789569066617,1,21.731674314798905,2.944215633729648,6.8371038399653745
6.848329601322462,15908.642086031294,3.7322020177545054,1,22.885396411590577,6.432300080624973,1.2508564939051146
8.589202343654149,7263.056749130122,4.041445670962364,1,26.994796315069024,1.4502747708024826,0.57350392800935
7.591346093540146,25383.76518344253,4.515150113779176,1,22.17945331060035,6.522027032673238,6.797407514428479
8.137767883092494,24172.70331260775,5.003825786209145,1,24.835976097003467,2.9700253822514737,1.9125418134079974
5.352565979714757,27795.73204094097,4.7791870088188695,1,24.21926417112116,0.6493917053071857,1.0732652673785517
7.998090253941313,9609.740604778375,2.626546783770298,1,26.98486782388732,6.578360024796956,2.3333740223967543
11.89807802974039,8296.550611117107,3.024968486584322,1,26.053023645368647,0.17105078765461185,3.5519270600638397
7.442536475327727,18223.02707963232,2.191138421703526,1,24.4460159062796,6.212834199095833,0.20520480025352394
5.1408005276963324,21407.614287150733,4.19225744935354,1,25.952446694986556,0.11488666794194728,3.306728920035395
9.62210598702481,30307.217674994205,3.975571849056162,1,21.341322534875168,2.797318510085571,5.336724135244767
5.361211666098464,24709.72885813722,1.81252893956422,1,26.66254870980567,5.357834719382103,3.91118401717849
6.376408434486552,33046.727605817854,5.404045772985421,1,24.96703894290712,0.9556314954832376,3.7078387853236325
3.94012545989782,25911.32167953699,3.4780048078684977,1,27.67313907769046,7.36285443574181,4.416978444643195
6.916825973221457,29263.55406898172,4.598622246118412,1,23.883991030904262,3.6691590090917994,3.628639139343438
9.146557555894002,6787.484660017703,3.210881938583371,1,28.613617349112612,6.304270117890365,1.7543530189249774
10.268414718941344,14694.420624957002,5.199864588297582,1,24.402388840656936,1.0626181074397958,1.937203440737602
7.368768530294821,18452.02299450765,3.813881276266772,1,22.003223652802017,2.038105516052266,0.91349431407695
9.393148441549062,20592.258942126427,4.665681059368009,1,27.16934750396962,4.814008049889907,2.8993199519469774
7.296572875466082,22535.085158347272,4.67916864329843,1,19.8990324503469,3.1286271875236373,2.5759321800197736
8.90086469660199,9592.151333127596,4.518750669722005,1,23.59493396514403,5.321718463928331,6.390986845644129
8.107244312818498,18364.83141799289,4.688271256294098,1,24.189697496092595,3.6670640897348634,2.049946135404014
7.804368873943725,14160.68676634536,4.075556975063991,1,26.15193426455451,7.451823163017195,4.281705319776941
4.666148130914806,35680.067877428795,4.55686375232757,1,19.799673236872355,4.755691801517221,0.7316272452311553
10.90507641006552,16099.151895652394,3.7202643792172,1,28.69391925816204,3.5457913294447865,5.558460399752006
4.739548767002988,27215.90274170991,2.942348225414489,1,22.300539275092973,7.620647518453674,4.553956037735745
9.869231934989052,29549.65882291618,4.736849577023042,1,22.16048236558618,7.215395258533821,2.581478408149563
5.827541211542772,25863.34324460301,3.1791287413400817,1,21.968171583054325,0.7181930570719741,5.483778838690897
0.9899122128791388,16922.853898585203,5.160603788160604,1,26.775599898831317,6.616355544123096,2.6268559253210846
9.485832873402854,15357.83337292032,3.221129818784097,1,31.083234810127248,7.026563582009623,6.907475156473306
6.435722716949114,9363.85398761785,4.925339107073759,1,25.149971267881607,2.9254855039528413,6.261716609411803
6.365497241052185,7040.737620777599,5.125416576401367,1,26.362360426160162,1.0705595553134726,0.9364579307277766
5.452214926167417,14446.81238968584,5.190533810336875,1,23.928738655720366,1.9477878548457939,6.425157542008026
5.433466238973562,31421.73163322104,2.871196030589475,1,26.781119501230172,5.893211289604046,4.36420466956448
7.774468468846811,22316.398283637125,3.8910973336994905,1,27.501328282715573,3.9305632624712366,1.4245546183418507
7.2034388489879815,22826.484697453987,6.389161009216368,1,28.066430040650566,6.0577905514687025,1.3673806112726876
6.150487600902442,6342.502842776547,3.551655811015034,1,20.448515102918655,6.017625799360495,5.2086819804751014
6.767523658273503,21162.72673490324,3.3002534975545297,1,24.51905120809586,0.47573065621289123,0.7270267164684762
6.744799074889901,20215.69751694188,4.86854263008631,1,31.415433487182028,5.889507772583295,5.967242282723768
7.603775446495936,11459.62244497658,3.5849850237337204,1,26.059279150401355,7.759257443083826,4.00980826799307
8.546145555159878,23349.485416834144,3.505300168213539,1,22.37362348609638,5.929125215673294,0.2773090132335676
5.43251208523776,14970.647243569823,3.8744253151616057,1,22.5318489712995,7.274979559678271,3.2899490983341564
7.71408935995488,27336.962623971183,3.1825828574638706,1,29.93506938674403,5.808619426653822,2.287073563329683
7.845879929236758,13769.860237879824,3.667154204946097,1,23.52483695128924,5.562795811740651,5.093504257662122
7.15642449459831,27025.206963024637,2.958414711590032,1,23.37597169510223,7.960419942769037,2.1578806826610903
4.77522195583692,13978.172660188484,3.2230808645202327,1,22.093778985495245,6.0899959157174575,3.171864457414665
7.741245058636744,22824.699465157257,3.7411433659749633,1,27.974061853742555,5.5745669901961215,0.3356514272769644
4.18749081481174,21809.709834295947,4.592959344095949,1,23.092037112342506,5.99121503403646,2.5460446723927856
7.808012211560277,17037.725367080428,4.165549905534822,1,24.415291213572946,1.6353059979402127,6.8908532225717
5.895948983187193,37118.25543610952,3.659652967576408,1,27.360230340893942,1.0573812459861145,4.413822329221828
7.269652252805362,31161.36838769933,3.789236756581051,1,24.115504457704496,2.2325020461721414,2.5782571165041865
7.457979826928165,14733.458757085757,4.497730795590356,1,28.172909467502222,1.6744077626854434,5.250385421404822
7.746343115356286,21670.59366334191,3.678686031235552,1,28.06157755003506,0.5629474404841953,5.740019837661245
8.275795629701165,22013.96490500964,4.721339549520147,1,24.906080775778225,6.184768833422697,2.888936745798969
6.879959452149452,44586.81265100216,5.688206949361446,1,26.43702832480929,7.92493947189422,5.606461810119455
6.799375518361883,7986.493239056313,3.8199853771647767,1,26.08662248719125,4.130230561942496,0.8118565659598086
4.736404607451753,28698.72996489867,4.995601765994129,1,20.194532066422035,2.6040966817098363,3.551558625266695
6.578998162273409,22389.38048560545,3.690929417034364,1,24.441249825213074,1.477937397484443,5.236968662871613
8.775485733684196,22113.391452033964,4.393944466089358,1,19.760121420151254,0.501111687141533,4.991005431037935
6.8503020324159625,40588.43383077968,3.0802967096198777,1,24.536291843815903,7.891372035885926,0.39683256123599164
8.07327895224373,17106.43864544954,4.854312785522253,1,29.259274564782828,4.889506321036894,6.009579337456918
5.07827417522148,18125.638398024403,3.631042313530789,1,24.581030492463793,6.422443983497259,4.8893661739587655
7.444914014951037,25489.075025583825,2.571391505704419,1,27.254972584283042,7.242406570143718,1.4437675707892268
9.434005874654105,20474.820823972797,4.2010543638879385,1,27.526509872787944,4.623534198255347,5.908058792908983
5.90590695420357,13464.487161770325,2.9172840562365963,1,23.065987377771744,0.13066807360223812,0.46451837425516107
5.803496975764156,19451.767602835265,2.1817141666785806,1,26.394815756234586,4.734401762711837,2.4453766071542566
7.61715192193207,33744.16680696547,3.4225434306886307,1,22.150779335656487,3.680624748559571,4.235784057572251
5.422445767908819,18542.9574510298,2.911751390260459,1,19.484036923087096,6.09414948346254,6.8613916550753205
4.872560878371032,16960.434630635733,3.9180057985839225,1,24.151917379879325,2.0331559316092536,1.1066568000245665
7.058182608235123,26608.929154106638,3.61383477061922,1,26.70340952455698,5.477943936851576,4.151647577064602
7.890354273534902,32160.533923449733,3.209588058451998,1,25.028210462109694,4.4303667024217095,0.31018606975540786
7.535700190571214,14829.745970673646,4.208354353518171,1,25.9878704995333,5.522388884454078,2.7234553734212015
8.722143776841188,28301.516948548782,3.2746286418408777,1,24.615954492773895,0.42421047681224466,3.880670235010599
6.2843857911113785,18526.261690599968,5.030712169428622,1,27.20407711387553,3.199653054037525,2.1692138938323393
9.30566048031861,39498.659289103256,4.485070146526452,1,20.55417222043882,4.4903778205000275,0.15406796856973604
4.923178856199699,15990.149227610937,3.329600783081267,1,24.15802253833122,3.338897497021703,2.121935275562227
6.143018479793687,34865.32463358429,5.370403410374523,1,26.35591549336027,7.9246334580958795,3.417616354860939
6.616649174874958,17063.172107897266,3.8817671783074488,1,24.649205010273768,4.646311758775421,2.9308105644713107
7.623499920279238,36267.26665797832,4.76499518416768,1,20.045931732332747,1.614452979655481,0.9489769778830391
7.860106421505122,34591.67814811829,3.499774683747187,1,23.169213579265286,3.911109776117889,1.61240784432734
5.579517092707998,13289.201652748288,4.043914692602463,1,29.886938054154314,0.6021458301631314,2.4966366571353054
4.303574607482778,7323.302300551966,2.010537157431691,1,25.43249807035071,2.0098193606588493,4.020703923032999
6.417702476103476,33360.17072164734,4.046305671849512,1,25.774157832945754,0.5671260400907979,4.671531073390416
5.036453976008759,29258.738135919622,3.534665425189356,1,30.038896585434184,0.8953668526613339,4.218158350361043
10.41504401364904,34535.55385004349,4.209136505059297,1,25.314416874558177,2.675178475110875,3.1798362127083477
8.41860665004133,29313.78335293502,3.442847819687195,1,31.000477141022667,6.767899113247903,6.055342698762547
7.557963629790507,32833.43116851585,3.2922701527035314,1,32.22907241663653,7.548624721447224,4.9828054074075485
11.24450714270002,43533.65784534446,2.9299527394001954,1,26.74584411407135,0.319223774382961,3.658165166757093
5.728823779303805,12932.590386218995,4.412173550093767,1,25.91099115343199,3.9371109403079743,0.8015512088082014
10.486808416025616,26453.003347820293,3.804352132029541,1,23.31816663952883,2.1907609369663406,3.9605866798864775
5.71625135415621,19393.46986193756,3.433135384725815,1,21.34204428253192,7.753452142083599,6.976821211644512
6.770926884040844,26880.22003988432,4.910533820344201,1,23.360166884781133,1.4232858709366298,3.7627838163633
6.043360083711829,24856.607107211305,4.74524751697268,1,23.740660245767675,0.3168710386084811,0.4854713182965764
6.320427822952782,11682.229317057963,4.553380742681595,1,26.202615137639825,5.8321439096079075,5.157989318271263
8.684778671525315,40799.36032812741,3.8773491849022137,1,26.201666604879403,6.014629689825827,3.530925806795222
7.961721463165571,11551.21568041736,2.2869434947281544,1,23.373950267107098,3.8654704358820915,1.8336786539681111
5.484151253504955,19378.35906721423,4.438858459911646,1,21.657164831984115,0.35361282425044527,6.976357425001692
7.186931122348115,34510.75299526274,4.275645348013285,1,25.1279898045662,5.175431350940473,6.634487604233653
9.792727768555451,30249.170845011024,3.729120401580513,1,32.0131121638755,5.054536737752819,3.159861447429815
3.637170625355805,10102.489720279777,5.446565702616764,1,21.328755659724,7.12287181017319,4.233682437587341
7.06478908142805,20567.145930368584,4.4016278345277335,1,29.5693516481474,4.470665642342136,1.1078435475075465
6.632031568588184,24161.25497902576,3.3862942904685025,1,23.202861758413253,2.290376940966301,3.9979169066229936
5.913956687853429,13086.643934398497,5.648605948542045,1,29.419332233367346,6.371306270448078,4.955894339224406
9.484703254003293,56351.39630372492,4.13227423789269,1,23.97903425178514,0.24119037404370197,6.879822464070983
8.447404488438133,19583.05734941433,5.218307110261475,1,23.82255091052941,2.1452882953950216,0.45282764706338174
6.859323725529028,27567.375669680983,4.501980014505442,1,20.198473909796675,4.423755331011677,0.7391754508616153
6.30000176658891,40682.14399780205,3.7094371813849474,1,21.184720938564936,0.9859937173736826,6.88072252475577
7.31344675557596,23154.062319200497,2.2206399231442355,1,26.014082033003262,1.321765760118768,0.8172827253469331
6.572656388857353,14598.951912764807,2.8209272493496207,1,26.603395862163097,1.1361012561834174,5.316595663057904
6.002414611941971,16136.433268527604,4.315308015041465,1,27.994131653044015,7.39614077674833,1.5999352203036152
5.93605710996818,18061.697568169104,3.940282339037946,1,27.189614007730654,5.088488674164248,5.579828197851827
8.016279103360878,14034.485798658789,4.308222881195557,1,25.035085539483138,2.8252571442704566,5.5116357392102655
8.783596632026194,19471.465437595816,3.4708854235987814,1,20.782995028415982,4.297287106791113,1.145178410468323
6.911698241358011,25612.148912339955,4.616641008449857,1,23.340438837472984,7.5006887700688045,5.4230906526122284
5.974583248480268,22543.25629244579,3.721974696238987,1,23.84289158142457,6.446947055395177,4.915284576538831
7.828740104752374,33337.10964943294,5.199446635796848,1,27.093446556015586,1.682819531072148,6.217923075707931
6.114332051439626,30606.22359320889,3.680409990337341,1,18.918547875472598,2.4844800542372045,2.89028191874695
7.139428272590956,19862.811257398145,3.771596492148276,1,21.675617370142266,6.545986708935912,0.18534396933678798
6.635894308187562,20339.01686990398,4.523236865678159,1,26.95562699675832,5.13703387269281,5.789356385838686
6.280978206755163,25972.80375060046,4.599432013730158,1,23.14648825255389,6.057542038750405,6.414592265718476
5.068795502073682,22781.36453356911,4.362085653052907,1,30.393827236135394,4.549787585513998,2.935049938027179
8.151248961954652,15661.940335043397,2.7998833209288145,1,25.43462047972522,0.4326792520773022,6.335701125433706
7.582941676733986,23072.780698281265,4.164028619351949,1,29.759866894054447,5.782789244150395,0.5174887862825358
5.344116870389696,13492.840835026833,4.104698560797167,1,21.715316715653994,1.6494358331206578,6.772289168272257
7.871961402750839,12760.437150795751,2.93853628710008,1,23.392483735023692,2.333400112118051,1.416656814380322
5.3270235340963366,13580.61848288731,4.85582125104602,1,20.64053261454779,3.3803692290259426,3.150731451411716
7.471026670171208,15736.580985502496,3.707974079965065,1,30.2208115988487,5.579106070780859,5.848416950567631
7.066141840325305,22523.43356996634,4.127599072932994,1,24.30465120571116,4.937781579881066,0.12795033512178
7.015332582746869,16351.22628667606,5.2512231043193385,1,25.35334807129683,1.939895445906783,6.938120805006424
6.044671753329083,13593.60001791627,4.914883755535081,1,26.125107716191614,1.100390347090494,1.8186132618352981
7.255798597493364,32595.120243522197,3.968177082539273,1,22.998553730506167,1.047002270197013,6.221446253720142
6.792407468552389,28508.21692861284,2.5056504406363977,1,24.796937985445705,0.49728957972398746,1.7414898346806247
7.368165576531881,8524.874645571706,3.6842633826061095,1,25.790372578162945,7.365607649873645,0.22090152829404808
8.837786915479438,11610.20794869492,2.0870802171798366,1,27.202792971326783,6.629824137712932,5.401337022017297
7.108140711077948,23688.20522331314,4.015246444321198,1,22.057033011247576,3.7517981192176304,0.32444385621499167
5.289618437232331,21776.170174493604,4.5481003496821,1,21.54734319968708,3.7127526762500054,6.114522053984635
8.693149900569036,16559.87726220438,4.687846798329183,1,26.018890559931595,0.5096217224526673,5.916844094879794
6.9997645107739865,16078.459386211953,3.360130677748902,1,25.20595340456888,4.437261626680968,6.162638928748857
6.89792271658945,16616.51661653825,4.490105279441128,1,25.165630139145065,5.370516923708414,3.989773341437588
9.91709205694149,37215.22683519184,3.3933253802234224,1,23.711283503099068,2.927079194192949,2.298957182812119
5.609025353745414,26955.33018270648,3.354890147961576,1,24.768155239401665,3.2995803421328116,4.380634850325674
7.714312671631406,19789.63607997825,4.425133970460173,1,27.322263142861935,2.6843147884827023,3.927923565501003
6.351286549370794,22337.44839296724,3.707053967662745,1,28.963052846805414,2.8722030898794677,3.2409573083497105
7.958871446046477,26845.66101347512,4.007902612509118,1,25.56739290080079,1.958537061322915,4.414556977786739
6.000723335995511,21111.664104120857,4.176218742792006,1,25.277646711536136,7.463048967711978,5.5766138720704275
6.392927840114371,21217.158595568453,3.2713388593703145,1,28.926941929188757,0.13047655670189662,6.1404669519818915
6.977267851638903,20287.35977041667,2.3670413093414906,1,23.375994818190865,4.316520039186641,0.4574343637650815
6.353436843717337,18664.84429697529,3.861109202341755,1,22.93430127538732,2.6644291699036287,0.3972805576955265
7.330196876767331,14884.339958152525,2.8847150979192406,1,24.388877034419444,3.483613335997295,4.7439342705649645
6.948265449383849,6874.586016391743,4.09561181325633,1,25.90775373186611,2.4827118018169485,0.3445489616652485
8.24955050895133,32898.74936773528,4.284831119370148,1,23.607814556170766,7.461487601556712,5.623877840782445
6.903816977786621,35455.70961215394,3.867843302640828,1,27.374675506592027,1.4071346859999463,4.948785796747467
7.605674820650833,9583.710441307565,5.554074526332097,1,25.749272931706155,6.7395410423181925,3.8425174795364017
7.301444654287731,46718.55596534806,3.1600748401136087,1,25.253763803247715,6.522468308342086,5.095532957185665
6.788291583178551,25661.360539469097,4.255948316623421,1,27.502942850621423,1.0151225865335751,5.039964390677298
6.692531669059861,37033.152091371725,2.9421153671384173,1,20.561480597141458,7.38636911629706,0.35872205442685645
6.028101118266446,17150.10054999001,4.080786271348128,1,22.632341016458852,1.4337084262475384,3.7348097069842443
6.715940563939271,17180.188184343613,2.4047292060079903,1,24.167597483027716,5.029909668177049,5.859372254637347
7.490786675734917,26551.370104695576,4.354535490634887,1,26.970395641049993,6.504375372999295,4.710307820970536
6.336588682161135,15570.14232208766,4.356593856228123,1,30.31519990245202,1.7897328209881582,2.9565664324890775
7.381757557406792,1372.0910434922284,3.3380217586877454,1,27.879252654308956,2.1404852935488665,3.6609615538652447
7.256015038533906,44184.23045950258,4.534960272538596,1,29.904073829761803,5.512255682663528,6.719966477725538
7.0258217707497685,21226.665548084817,4.746091948559119,1,26.79965685543544,6.219507865181977,5.589656372827036
7.606880475374772,29339.929268453998,4.564460391989159,1,26.359322550071198,5.20928763204682,6.156110155066431
6.347020017898686,19743.14841649457,4.526350938820338,1,27.252280884956846,0.14784135079105798,6.794707932736465
7.322828416616528,24682.124546316005,3.981968831838976,1,20.26509916967577,3.8487771023566615,6.369377186953989
6.777506359435946,15228.912908891563,4.263180267696578,1,24.7914650710412,7.920855314673524,1.0487700695544555
6.642755695262761,36505.52425763323,4.299209281102346,1,26.368482393389872,4.347863166676991,4.012270751118951
6.21758491448443,15597.640883064318,4.15016690975386,1,23.425968123189712,1.4393739001611476,3.001876460271948
6.630122155828689,36269.70131666216,3.352764605845478,1,22.83137954851312,7.281595602735971,6.573158826165434
8.051022203026939,28338.66404002995,3.767443125675908,1,26.43358616379398,1.977635350173864,6.862153080515607
8.41608681704654,28234.906857156184,4.9300838102540485,1,25.37786868926092,2.412321531890437,5.025109097067193
7.933067691513921,12732.888243247497,4.5342330430238365,1,22.976710501125563,2.320284946023061,0.5694012820240595
8.942045991487,56488.67241273919,4.354287641189531,1,20.13711652350105,6.349937087485138,3.3671352703485358
7.033945358536714,15428.450915708274,3.931730862730215,1,20.904069920878555,2.0808968220395445,5.3071296408560285
6.816416925295727,24170.27489447497,4.2747382136106005,1,26.824655112121793,1.6950682216492838,3.6558322719219896
6.460033522100627,35775.793395721885,3.535597778692289,1,28.31982866346646,7.188514083756276,5.42032787899196
6.227826794815905,22550.492264225108,4.007347485187138,1,28.956641866785315,6.552386429228029,2.1682566489965893
5.632731646664602,28315.43777694194,5.114607051016194,1,22.092066302740967,1.2032666639240042,4.049472647685425
6.19124144257447,29778.35787695432,3.3150705928492927,1,28.387481307459748,4.288263708069928,5.260373645637753
7.701032797005616,16978.926829044573,3.395482609242578,1,23.44143267548918,2.9094326009277505,3.995536574480299
5.646083311861947,22455.695011751144,3.9385056274364985,1,28.29782970761201,3.3740384930337273,0.48353829300392215
7.896743922258235,9407.664038720552,4.889458166019273,1,26.442980213144686,2.8031935193309625,4.69907202025307
6.010617576533585,15940.573270538474,4.867287404331263,1,23.866111776947392,4.317994709732793,5.142198430132511
7.986018499069503,24712.99343193111,3.1530047275571595,1,29.070959221521527,6.8538764482272745,2.1642866186760408
7.565198073160248,11246.426645933883,5.185000023597019,1,23.779264563141773,0.2909383608615078,5.978390875105464
5.736675708942604,12683.483292055978,2.7417913083454284,1,25.279829423220882,3.284100600970481,5.585688735981744
5.991371081542708,28702.952380225062,4.539371149738408,1,23.218799549450246,2.5304728109727685,6.734958524482084
9.723377230792792,9076.646483433453,4.0720633529651895,1,28.668518183039183,7.439507597996439,3.983224795220387
7.736312841132024,19496.84859192329,3.700916676376548,1,24.424980427253907,4.925637319308225,3.986931059826351
6.71579947892659,16006.97258771503,4.999752022622454,1,25.42479604445379,7.267146663498006,5.428977528998846
8.242558635342093,24042.18816001168,3.5294272368553408,1,27.33229958623277,7.647563359591809,4.088214009043675
6.539546127935385,28979.76760108172,4.076403287338456,1,24.771900600726514,4.493169461312506,6.108824358480457
7.007974587155316,26136.31357119588,4.628974863583534,1,24.719718889341156,7.038398492795076,6.055745658580424
7.740383939415849,12477.771817585091,3.0133608396173157,1,23.847964305257385,3.5973137180526336,3.2885607475498917
5.772769697849313,26693.76160684569,4.154685423680439,1,27.251030405726233,0.8554106042065521,2.9772969709649995
7.571684493181063,8835.555875821101,3.920287688012938,1,25.749257084320853,2.8818389261276898,6.096623156794771
8.733525329569868,24578.421221310626,3.149201800222124,1,26.568176283466386,4.386914642653035,1.590192497796831
6.917858355091138,27651.60909872825,5.544167317192912,1,25.593811143356096,1.0522172578842206,0.712426490386414
8.512780908859234,33092.669352987614,4.026622093912992,1,23.215490183934055,1.1252735064452317,4.260579815884814
6.539115261496296,23308.296877049183,4.21167195883605,1,20.7755146496496,6.962384541930503,0.25948100915386535
8.227083130096286,40546.956331528825,3.619181847561858,1,25.97908358645828,6.79393062143953,5.741877611606123
7.274198050602535,16255.901371056703,3.1527627940382823,1,26.760249112145438,5.9176734565900615,5.032604912726255
7.118980168364626,32528.115614331,5.349210585555077,1,22.898168555313646,2.565802278082387,5.473023676170161
5.941942536401314,14778.03287527186,4.302179284726438,1,23.781487887775558,4.799946604727021,1.0043190287098436
7.278910903182803,22184.52703251262,4.201577246628757,1,24.588810388275544,2.553722485180327,0.5115818505657426
7.44518902590451,4168.196993742783,2.745803764968096,1,24.26073584343075,4.1198706476368026,6.101504472334769
6.442496436487848,11592.445624124975,2.8910188785912547,1,24.147651797742082,1.4264832369449196,6.865949922606787
6.919726155212071,35558.73164724479,4.120827880347175,1,20.876145165007564,3.3280652543241662,1.7102130684754737
6.472371049680761,24246.503564672144,4.134575196718209,1,27.508668950319255,5.99495935707021,1.3177195549674907
8.251217779681046,17617.87630929659,3.495062986026916,1,29.194834415244358,7.705553503721527,0.2656123481517988
6.528490775347884,10835.201157145417,4.585971676210264,1,26.19365841838802,4.83029725436724,6.979158541628193
7.4943911014551485,25058.160217144068,3.579651838079742,1,21.95346574980365,7.643188308029576,1.2029278284115945
6.957433637931853,15007.421534208548,4.892050440191023,1,27.922772213107265,7.400926085559243,6.792246875952123
6.509621638211163,20122.192563757548,3.802819638132032,1,22.475658131058005,2.9139345854615586,3.6237851554317806
8.069297892811402,16654.509370021242,3.021381555454751,1,26.441836300413975,1.698110126164307,4.786289719666436
6.790838199257259,14348.572923584908,3.438279838827972,1,28.13631947719719,2.5226077881840223,4.422923858161
6.975209177557351,35701.155320153026,5.256483549715023,1,31.88334301876101,5.888422171755657,6.297594193208386
7.422225264350398,40148.1237214392,4.486512692528834,1,20.578857749742873,7.916099669279411,4.540407546279462
6.505065806504937,16982.1319743572,2.890998522404099,1,21.20175324448497,3.9943216255417147,2.86088658716185
6.617862257193747,33245.63058729513,4.6013511981931385,1,22.78981841613922,3.086551969832684,4.715832021955549
6.769769338622252,16980.25848095072,3.846611900914847,1,28.546148261806145,2.738040615822043,6.64082928461819
6.341751223983171,18058.32029168459,4.01901054979541,1,18.761634855330612,5.4499280469733815,2.99187577508603
7.058866081279625,16473.067089156142,3.93733418398454,1,27.494201133442576,3.7594095154521305,0.19877164127067265
7.53928739507425,26999.382075920206,5.427372664623769,1,20.104556325338795,5.903077585382622,4.5769287396894125
6.037428193759539,12988.791228835704,3.59421736385624,1,31.260802774482933,7.632897089994755,4.704020313785848
6.706695161498074,27881.504407398363,4.371882444533677,1,27.48347158667285,7.255184276252577,1.7323480553503554
6.758851697206596,22540.77516736364,3.639971875965876,1,21.647185377709043,1.4997724280559084,0.4181689923963303
9.49424264803844,21879.70420789106,3.189025539707877,1,27.92886651544959,6.554905306757855,1.9272973305105157
7.080193059013201,39431.11265323532,1.4922066153042484,1,25.495723960599854,2.1244670816095383,0.6288399531407398
8.05304368223556,37086.54605405966,3.3015748949924983,1,28.330493032135756,7.177807804822846,4.069611881464319
7.044375318734117,12575.279626806016,4.276699073642469,1,20.93796669166623,4.776924630680487,4.285109697843501
6.309891576180204,31062.37191484566,3.603040461775072,1,26.56771240745261,5.97602265703317,5.186077301807301
6.879404957296282,20509.33196159374,4.700470229763488,1,23.748414912197962,7.625820459512671,6.421269810854993
7.754884394437196,18857.058497252703,5.128390054528116,1,21.985288029561918,1.4466108564077569,6.34500817825674
7.916669698835311,39431.25263187423,4.275192719102842,1,26.116791138323332,5.015454641884165,2.3180663953105145
6.405392481776244,20526.30683510295,4.531920781408072,1,25.359563609368273,7.289386172268085,1.413449812575869
7.795957800597176,27849.14208822323,4.251876169502328,1,24.89574722553969,0.9078145016610717,6.940048460980033
6.9678613966386695,13401.044394115284,4.893215273397656,1,24.30918430546761,3.307446695041826,3.218335169962105
6.6227913564466245,13900.71652278062,5.609290809737711,1,25.947171963379766,5.721538702611593,4.125198134876864
7.369988620741592,18998.34682299137,3.463852437148298,1,27.731953190106275,5.296890980384307,4.928937892907686
6.944868386836294,16904.201091168223,4.241135181480118,1,26.58312165401407,2.034951553985783,2.8238479412978803
5.284810114998686,11130.21136487445,3.990242632195878,1,20.85208660609169,6.829304036741158,0.8324660964644748
7.760189364703282,34250.16392496158,4.590527648801448,1,23.80514656434561,2.034313888665574,2.196234902863068
7.280560356935292,29690.917157925207,2.919796004979838,1,27.777760957493168,2.7009684143157995,4.896643651612618
6.834259889880556,21670.569891384235,2.658843411948673,1,26.431133609715985,1.1455007898465346,2.8652657378869275
6.728975147762138,26376.062287461536,4.59378713275743,1,28.404340824380732,1.0481381717829383,1.5769927545274571
6.8649167394504005,20464.77269438748,4.493746769178872,1,20.969949996334744,2.174106769122892,6.234709935993244
5.808975519906834,7965.207918480109,3.599933101811887,1,23.590560483436942,4.543324704397366,5.8620608021717056
8.45879698814859,29317.14244007175,3.827431410883915,1,25.853462805967506,1.7948373531165873,5.489066018231222
7.288736661267014,31617.07541496605,3.5313846614470856,1,25.077707349714604,5.638088547578188,3.8689248824406137
7.463915951229467,27150.39539959295,5.0758436044594175,1,26.838035637818756,0.7546453631695469,5.273206283795917
7.05994023445362,39484.63892065139,2.949938822578741,1,25.168546027231013,6.461050198172752,0.6265955652873239
7.425102223222055,18608.940873849617,2.5587727443235098,1,25.6000542286159,3.39352395916817,2.2850719593177122
6.742622398258796,15488.95674774774,4.964672640375529,1,32.1958136389085,5.294894423048033,1.2647884179267956
7.041665417411175,25419.76949818999,3.0997461634419525,1,26.368470726199007,0.4497900375897249,4.542817618947738
7.185276448818911,25645.06723301753,2.9591538231075867,1,30.23137913803209,7.628220191776971,6.366096616717231
6.597292363153351,25039.35469550197,4.3183054068542095,1,26.31292316122215,4.054573200020976,1.6512937493574602
6.908853083313673,16965.31410880434,4.693949415674136,1,26.785134758366112,2.4589908583507163,2.7754052455245932
6.281903929078816,17095.270070382572,4.457729915454185,1,16.57311660017963,4.549198442658871,0.9428282020215901
7.036752103833548,13812.41042060634,3.2853718352092978,1,24.972708405849183,6.605532182304185,2.680655126908016
7.369087138654637,28232.018406459585,2.7151866852786206,1,22.263478537671862,2.8843196626328513,1.2252780539372548
7.70810998872957,15456.220085905528,4.896625907872932,1,23.315464187979924,1.0173864266853327,5.163016960559436
6.504112779748324,20852.76449616848,5.396623142289246,1,25.21970847622413,3.31196704229747,1.7732280348207052
8.185923417313038,23641.472028426168,3.566945145029043,1,26.837171536369002,7.797269472857832,4.405632757042844
7.080445821121838,36966.85331934397,2.66494605525722,1,32.36960097368175,6.99254197045689,4.892557533237811
4.704698461717015,5128.457645769734,4.109924711687724,1,21.403719380625212,3.6371794536505258,3.9595546844758176
7.976900873677573,15360.8350680644,4.7536079310394825,1,29.105572886795645,5.173892887433853,2.2503416350320142
6.967696683162022,22886.96573475016,4.819637104172265,1,28.004373610431095,4.686721770944367,0.53294969364151
6.444555170207262,24855.83004230354,3.551905359086965,1,25.35416649408411,1.8908708465351267,1.1043235287710889
6.277742483390635,15751.449149968535,5.255011943220072,1,21.484083853946842,0.7327287569885851,5.290564609483332
9.014356734321137,49009.92465602681,4.549419412617848,1,22.55370165100458,4.328302912145568,6.683231326011378
7.781663759793227,35055.61648989219,4.822967485351244,1,18.58841196309144,5.780822361072441,5.009250082248887
7.15473588040487,32680.977991229047,4.629955736114066,1,27.141865903908023,2.6104419565094945,3.1320152521055133
6.748811549804483,22475.092960278744,3.3125127658902267,1,22.585150013119488,3.404274897900476,1.4467205688530027
8.128270069244824,19954.575553945644,4.6787421658436426,1,24.06326496823394,1.7424464252120233,6.486154926481718
6.335683141915911,26594.352076277777,4.578861190294835,1,27.44672472768256,5.522823605958506,3.606209600177116
5.940475876449588,17177.07103669603,3.9979696708974912,1,25.32249458800855,2.7567856848626215,3.2175551311437327
7.61487763929876,33347.97109835898,2.99078089431675,1,27.031298683831942,2.4781260143568846,5.575126225942771
6.718249444896243,21043.626929110094,4.488904316315408,1,24.92841355271039,2.9082273318093703,5.667880316691385
6.8663565150600006,13979.381750036173,4.346153563046948,1,24.107613769445862,0.6438998871801143,6.6181727019217655
7.36667198942732,15547.186626031573,3.394450272692436,1,24.69580662352653,6.732256766961018,1.68351900462348
6.333640046326739,18506.288608777377,3.982002335270925,1,27.331709237325967,3.5317393693668535,6.798737187615889
5.89241318577243,11006.048507195754,3.3118131930849275,1,30.54339960519914,6.304519211041001,1.4840947223035312
7.918039170296733,22899.06291433173,3.3861098132109198,1,22.737808946864643,2.8714925604501764,6.566124577837137
6.549124998345768,7412.798058876675,4.42105884351,1,24.56786729949133,7.648643100284351,1.0911602079380087
6.804796145017353,17196.05471106186,4.847312561784218,1,21.052058350257717,4.2226145694472885,5.495402730269245
7.176170870069639,25794.95018998331,4.74296674858479,1,25.50563115990861,3.4457471935551274,4.415497075798086
7.201702374896836,37308.99415948845,3.883250198498328,1,22.942091556283216,7.930247089591045,0.5332047346638822
7.776044112626788,38895.356135547256,5.425945934424112,1,29.07776168934233,6.960553637714146,3.8259322619084317
7.046548537016283,30569.8105511719,2.869226101819664,1,22.074139935385865,3.907157483597182,5.812664640090269
7.732880077797702,47022.74584512559,3.510728004352379,1,25.723774450750877,3.9602124271534893,2.5992230501030655
6.266799947990716,27577.213623277807,3.652844725674909,1,26.554079294953542,7.119454286748923,2.2972153856364637
6.630251708982636,22557.779576080036,5.18120249221265,1,26.24283496635713,0.9990241737500548,2.8572564863187817
6.775631133267148,15525.393963108943,3.0175443059239453,1,27.887206866192763,1.845763628019602,5.348699034262462
8.164992426171885,29045.261138112808,4.162495509766512,1,19.393218616093577,1.5284519566077652,6.202772245899558
7.7737581374530995,21688.61694269034,4.040974482292381,1,31.487599604251766,5.991813564959698,6.411423261277052
7.295141331699135,13706.186807812384,5.056104024299176,1,22.193714720510926,6.270422732571654,0.8928923357777595
7.657541728081206,35056.2322337289,4.792527452455119,1,22.207656218747914,0.9180040670162695,3.318699830159954
7.664793523351656,20259.72585030205,5.48169093434497,1,24.098581606659554,2.5773576908193245,5.415327152471002
7.544305635616618,34359.40079704245,3.7140964349299774,1,26.827959765693834,4.0135326717639614,1.5113428503176982
7.74977378413344,21995.06806755686,4.317186297673677,1,19.710681398804677,2.9391155763243604,5.816418208738751
7.442023084023342,34565.70169026524,2.894651172139397,1,24.95356693202016,5.989894334008643,6.40210819730389
6.559252620892982,30660.209666494626,4.216315016151919,1,23.716974918138007,2.864914570577833,3.051700483738426
7.035036795196814,19746.49325081927,4.557028865672788,1,27.85431095719721,1.577027913181008,2.8645531968131097
7.880685942702883,19486.881839128484,3.579983811082845,1,27.202785021916522,2.470270526992694,4.216511056231525
7.498372459046129,21736.37332414967,4.242241799025037,1,26.199354445110753,5.161495623950489,3.897719285029455
6.538207172663557,12330.406567718495,3.426266448712848,1,21.842968644221262,2.186287100531158,4.992449171307814
5.7564756894907045,8086.825998967037,4.0020815167967045,1,26.08320570556422,3.9048850312410845,6.036486202231345
8.813504659624094,40684.3900138736,4.242459863239631,1,26.824092897382368,1.9412706865419196,5.23685407670281
7.361599831600276,29169.720783490982,3.751588621742676,1,28.576073222801902,1.220690992553476,3.733523598929722
9.175586152587863,47852.88887105318,2.9596846207077028,1,23.453134656888338,2.631916985780667,1.9177861463286652
6.5108556110746,15147.171463824649,4.225608375907182,1,25.693306351792007,6.724082125015574,0.1812793180241228
7.347030355621346,19073.25959456154,4.297880700154986,1,23.022477564179237,7.589264670941677,5.593638810078722
8.111953170359271,38184.46957355751,4.430750455902872,1,27.61374689676479,3.991968956346185,2.103078070868438
5.98501245091746,20155.43446937197,3.764099673513571,1,21.995145228046784,3.7272671434390556,3.4971607486389042
6.433722352782365,20321.229404327143,3.641489972443004,1,21.759416533282053,7.70909555099742,1.7819598006625286
6.770095146347258,25887.631722186707,5.203461367345384,1,28.2277972758787,5.910581838052524,0.9687616038570614
7.927969552720631,27402.019999042303,4.847262262021436,1,23.519520595973653,0.3365227405058713,6.124291657447605
7.338826110612727,12603.400371363736,4.01706111949955,1,22.687947593556736,4.538522280014259,6.378302841882561
7.078361074110981,16648.600567341065,3.263464731173011,1,29.456989737735135,1.024467164029658,6.9917876120079105
7.744125219434779,21403.00204819467,3.612260192161634,1,28.079976508707873,0.7814938326744086,4.649489548429015
7.560392022830322,14739.068540064643,4.257805108217033,1,25.641019504868915,4.5843504488774505,3.8520114649900403
7.830607590568666,18821.3896124734,3.551568013010188,1,22.280719477508786,4.037244877075636,1.8516770447765165
6.746934968256862,25137.42767692439,3.4855359764780687,1,21.057205145328354,5.475664834642735,0.40234230011556327
8.549692514107981,17828.294523792538,3.039018778586744,1,29.435032461661912,4.457535873320236,6.817351909150744
7.276863125209032,30396.904618808283,6.08377235388592,1,25.562384020261835,5.197115054367602,0.9291215665317675
7.493290815928302,9465.323904989707,3.7487469097257824,1,25.18236049563711,1.6871223198965837,0.5123659821455827
5.226895232238513,7907.330440971365,5.13805579043723,1,34.38307142559598,7.457026084333212,6.058100415000153
6.42064020641154,26034.52819812165,3.13994027416726,1,28.34189213288521,1.3252356257260063,1.4837637729131212
7.669012536518329,11579.441692754332,4.589512953061839,1,25.189826254897056,2.8461519301027516,2.512144842287326
7.128062255250418,25227.5451533956,4.5105952635743645,1,22.840653181057355,4.585276394407741,2.863371967925637
6.504876222341177,13403.086388826136,3.748443401102416,1,26.027399774967154,3.569232012216174,3.6590108092263884
7.096047101005687,17240.021064750897,4.785637377933364,1,29.00883650896734,2.068835221230177,4.511130868149637
2.974429410478532,17326.202252565254,2.7799018424746342,1,25.86774252057788,0.8248520467043468,5.800387668472429
7.116132606475939,25131.665278766144,3.915381677508523,1,28.10284862837974,5.608264431984614,5.5847185936230455
9.808258178934237,34132.06797868144,4.481261240482848,1,27.187862134503703,4.580296397319542,3.6851926542558666
8.01883160724048,23104.52038691503,3.188477333734355,1,23.19510810718427,6.0131457509529636,1.9996003429127798
6.60364071679867,14598.025787498464,3.4037984349167267,1,22.735985477111853,7.74120033588488,3.1782454068990504
6.450805742930156,19002.3146637915,3.2755811820087386,1,25.13484428820195,0.9846863994328242,6.381974112186354
6.266378409594093,28141.21649721661,2.936610534549435,1,26.65746813256199,7.702300883936663,5.990940140692584
5.161878763351532,18666.56363770437,4.320100540830725,1,23.384851311123366,1.9438797703341808,1.2869515293807905
6.984405530368805,18194.545310179725,3.406210457516684,1,26.509810252398122,2.8696491801993154,2.1434244001318383
6.791992649110415,30471.92909753608,2.914057480221306,1,29.89271643412014,3.808935899724539,4.709623081311888
8.309227709741469,24344.96669256969,3.756396830753752,1,27.219928057435045,3.643282771173316,0.684784095917316
5.057736411358974,11229.137777081483,3.163935937469414,1,27.11896393298977,3.3032261810652357,3.4213125240858537
6.908272154356689,19224.98628010973,5.405567222899759,1,22.77695627832169,5.737619948456243,4.38992771063809
6.164480227353412,27312.16838469925,4.834023096246113,1,25.922677993061146,1.102668045915808,6.78430536645086
9.160997540099476,28170.885101366224,3.542527792591825,1,24.659406115343813,2.2556559021714238,2.4320154121896493
3.9757526579292986,17430.841944394433,3.666823798966989,1,25.197445382415907,3.1991036791339176,6.589682344184039
5.685216462878775,17628.04305899483,4.066156997388842,1,27.611801409359188,3.841200468201249,2.483285324945985
6.93365391024419,19026.01732868525,2.0107286862843203,1,18.04780095223039,1.9923739020912823,6.24678068615958
7.464485186199689,26559.360897148526,3.8805760174542048,1,26.153161572699677,6.911905656585169,3.729201237562349
6.071838864034008,17162.753926666857,2.691610394877723,1,20.071352865697367,6.304360655176799,2.486584998427969
7.136102612573539,19502.538967194017,2.5741917719754124,1,30.63890969283947,7.558482354183299,6.4269994302394124
6.150595718406801,23890.893357943354,4.847520234035199,1,26.300076505003066,7.930041029770069,6.873812321678573
5.508155525691396,12137.099596717851,4.571406411209017,1,27.1204872719191,7.872691011993589,4.911212840079823
4.761105184627487,19197.105514887666,4.581395077548666,1,28.285037534520757,4.818095301492755,2.3104635228407906
10.490744032724807,32092.05838404325,2.88702293905644,1,27.88373674022378,4.073677813052996,2.4721810724249993
6.676137319471859,27468.98017010901,4.33664848480327,1,24.78808131355861,1.2664321970220886,4.188533357926975
7.973307535065096,23517.68101141075,2.826111940669668,1,27.38640151520699,2.8237912010646107,3.7665606629806625
7.352146037579763,13714.832635362272,5.864497891134695,1,24.331085506123877,2.4391938171797842,5.19123007495073
5.468360932331922,12305.90541479136,4.93346794921327,1,25.738128225896048,2.8133358926952603,3.845005498402398
2.538115773481364,19872.85485390749,2.8400972144695893,1,23.841858672171877,6.543122016998414,4.745923219386473
8.423084471695775,15924.799687288863,3.958608983759079,1,20.951788910550356,4.042873374717837,3.205316642567566
7.617014108815567,29818.095042113386,3.800552599356129,1,29.431000202444384,3.636557577548274,1.8595937939273604
7.617033493510344,17681.272356996255,4.299543395683084,1,27.001459684603528,0.5424816358870481,6.526785497748591
5.429334842369292,15265.407564152069,3.0817359202705807,1,24.984007794214378,4.150581016348229,3.837968302883269
5.49597599882932,18333.632664093995,4.901038222067857,1,26.017170418236717,7.4354271298385,3.4807336067972083
5.092757238606061,28390.891358276323,4.636728696472332,1,26.096146737537204,4.014856485134509,6.657656380347876
6.2528102107865005,27690.47478403692,2.9217973892390896,1,22.85950097009859,3.3757584627971684,5.206983783716041
6.747415283032476,24539.713164600576,3.37745052375287,1,31.15636843771364,5.101192663791213,5.158571266652759
6.640862809077265,16488.04765596487,4.708268601649437,1,23.388699234373302,0.4090801558596706,3.100244953016877
5.4985146932294855,21542.83003242949,3.074815427836984,1,24.18491937559985,1.1227187347163636,3.242388377104415
5.652501287341676,25868.598733450108,4.85644419196427,1,24.401424100124633,5.379003774228065,2.98034861161027
7.8519256917911475,14763.580113201528,5.20404417792976,1,27.150180489845315,7.281941448646611,4.758827434229722
7.221689439703995,13703.22037683134,3.160818481426782,1,21.929317884298296,4.843692375704067,6.321085812991891
6.073684981465111,11795.31357950977,5.249069810806525,1,18.076583940559246,7.692199090017462,1.5876836163558947
6.4079633358080486,28460.203396912413,2.954092652381751,1,25.311870445535597,1.1340857875127854,1.5970355486433598
7.184697762508415,13317.468112041415,3.904063423060472,1,28.850250990212945,4.6784544140379865,4.462193737272956
6.174750579100353,21504.138820970347,2.566048788361688,1,28.869793610736274,2.907725129581413,2.5153585620094754
9.540252240007296,31683.86459332765,3.3295038991199046,1,24.13153345367292,4.673861959825849,6.2723490488344416
6.888842932366855,27368.014339003028,4.512332449397938,1,26.671116062039033,4.8817747827504325,2.6371782605574654
8.174186267047556,31114.82083633101,4.709402884560948,1,24.086853155307647,6.067646836871799,6.811732894216829
8.756926859235552,21752.029713266707,2.9456717268238743,1,22.878001121222386,5.965521686051312,4.729607977002408
4.740056688020883,24069.33591470418,5.467935706130962,1,23.962801289263147,6.6590307643903035,1.7499171461012166
8.764495619256667,15978.036559255024,5.790838006076015,1,23.66714880869833,4.425417291223311,2.558662288027107
7.899451562181437,15896.365936521304,2.8537673494417257,1,26.397263488641258,5.890470594909882,0.13361402984481108
7.402653150168774,19259.19393662292,6.2265804048163975,1,24.82947433313705,3.2232638563350013,6.295315306725011
5.800034176989708,13028.68845838264,4.0744075716550965,1,23.460593132404735,6.529368314268791,6.439350111632482
7.08918418720376,21065.663658448157,3.2660285121463977,1,15.953393289164328,6.6609986761315785,4.2823961336558725
4.945694700087746,23000.723137395973,3.782517460306926,1,23.95374883927285,4.852359738368438,1.0410529186003559
9.77693205003625,23971.98951891517,2.569468001273419,1,26.834770971445277,5.423050795277942,6.579663460831762
5.153488640267044,19115.721861106693,3.749920564530525,1,25.845764615916586,4.479796648832489,3.251685930540735
6.884981084419804,14893.206395811962,4.584319179768512,1,22.798296982930836,7.000883787654059,1.9148952197163462
7.608750191252161,25410.81187155738,4.627464223238918,1,24.054821743127164,6.942535541275187,4.966114760044546
4.901906856012032,13614.750925469429,4.103534274020024,1,20.738931886668638,3.609710909550418,1.5529831021217784
5.711212506317297,21157.179728977742,3.9533349669675455,1,24.392164665353896,2.882927165862241,5.008603391144466
8.655298873146698,13676.753524467496,4.588758377714621,1,23.35502292971892,2.2149956240748585,1.0313012854052737
8.3043346530985,18253.18109546363,4.181254134458123,1,27.64870378402803,3.3174297292927855,0.8852466452918701
7.717076952182754,21400.016496453653,4.967975792277656,1,29.8639561823029,6.29933985334781,5.10840629765568
7.555822759422741,29411.628645120265,4.099168690603565,1,26.120235902787194,7.776725567315819,1.0253105769971946
4.881729593763433,19105.01490287327,3.05019758470709,1,27.175646498829288,1.702658052838107,2.3660013328019898
4.083594880123227,20555.965488803144,2.974870902771941,1,27.74543015287324,3.686936803459904,1.1250849902762308
4.865069696444607,15222.246443946577,3.974972302235226,1,29.074633983435227,4.310045408825012,3.050813319033976
9.62472688627138,25175.75415819416,2.615257476344298,1,28.432833355749175,1.0734319552496094,6.794078040126927
5.188776875456335,22648.23755279697,3.769503907225608,1,26.441852761036735,1.2047568812106106,1.51128271960739
5.916930488243061,27977.673208238462,3.157559520446912,1,28.80375708818348,3.1289698505373886,2.0413217532369825
5.729689120388078,14304.763082849506,5.100552354171285,1,23.816686526658987,4.5704530720773535,2.855334972602515
5.678220967059215,18377.008261408668,5.429781739947604,1,24.07624792360839,4.575973514334295,4.620412091972574
7.753936117609168,17169.584382234276,4.833026694103558,1,22.647246563803165,4.094852054248269,0.11671003080181852
9.159660476654182,16679.33516427072,5.452362325257576,1,30.966247994823256,2.480981663746783,1.3559477358985532
7.496990927216014,22631.65772706926,3.837926004293759,1,24.841768544885554,2.1377527470637103,2.555877947207489
7.542300167142759,18877.493895411564,4.317553511769741,1,25.567023360732296,4.73607969769755,6.62074387678233
7.159052990497457,25591.840984167506,4.291668966809951,1,22.738945495183295,6.442704553147999,5.663312893442309
5.844673795577308,13615.109758022078,4.3380560876593535,1,24.779020470695933,1.8222409985874133,0.45774636826948456
5.258414736632194,29228.334683492816,3.7307927875940017,1,18.165586687028856,4.0817045556248654,6.554536496068808
7.420640789488351,18463.72212677624,5.423767330031326,1,31.614908346822297,4.630375127136946,1.032369894909522
8.189213850977879,18432.47651803924,3.709508878038789,1,18.86779226657645,2.128564533756222,6.042973317800411
8.289857906323226,23884.131478628336,4.289236735135712,1,24.278451126900254,0.7485321881129441,0.5135065129649395
8.025220020635544,15457.498661666325,4.134942729310314,1,28.90394514222787,3.0749172644960026,4.928507981235825
8.848927372187074,24417.86132450149,5.992325026682801,1,29.19122824947898,0.3722159134621591,1.7244313145578145
6.438421803670398,26448.24508746797,3.3803603938404394,1,24.663652165922887,4.447178905595907,6.687764733657607
8.205550719357213,17414.52062317062,5.129527820006001,1,27.227456605149033,6.812435171037733,6.378545040270084
8.310373671963342,23260.472004700023,3.493053886006752,1,28.98847818235506,0.4237469648954054,4.50316591964221
7.833970823584208,25694.87370551702,4.814916877070632,1,19.232121490255963,7.732431427798366,2.2396955920096167
8.142660400879283,20111.22594768277,4.617093489122915,1,21.296350061466153,0.9527301306613454,4.7646575656740655
5.896432475240334,23022.16894532676,4.280792929244013,1,24.842283854209978,6.4785337907759715,4.266635892992028
4.310701499826136,11842.757806247517,3.1723754914035887,1,31.180992531606144,4.989441336323974,1.2239889477889392
7.895769121117427,28723.61762656382,4.391731338483637,1,26.184871243364388,4.088589918556807,5.515260793210458
6.862995092159006,11579.11339840144,5.343285034332101,1,25.74911495327155,4.813535456269536,0.17165096752055364
6.578680569429318,22374.82490970597,4.292042179344561,1,25.6447242142438,5.134714626099802,2.022099960286524
7.423088086315854,31073.031337988625,3.712681965458997,1,26.88205812725256,0.2347702033517312,2.7325180685643087
9.166758132730486,21736.981798520654,5.429266409418421,1,26.565450858646933,1.0696462057269047,3.484303070062149
8.468694414938106,19148.224744060237,4.375598892354405,1,20.049939767492233,6.29366332339392,1.3502066543712712
6.486152659745713,26807.119511805584,3.246794304771333,1,25.12768026523064,6.81412124698657,5.023694711431902
7.79278353049359,21093.932204726243,4.047380786186089,1,24.682735576462875,6.223178662058903,0.48279045337017357
6.569053876389385,29123.708303808296,4.204699128535813,1,24.359095377136093,6.358795977495914,6.113091004710442
4.921093903334441,14126.590529994382,3.285186850930748,1,24.570826320135954,4.2112566478489555,4.906424145877452
6.727185265204605,26012.48874565097,4.158248534758004,1,29.294240579817703,6.6803539088357375,1.921390837145051
5.757088957380868,32415.73362384456,3.7301854671420926,1,28.08442975650881,7.236910065205591,0.35424191421766205
5.842359064086903,29644.81360596982,3.86529596711091,1,24.670725485593852,1.2801583632041433,2.463673291716152
5.654118943459351,16431.20489706385,3.4662644582513105,1,27.49484820744981,1.8481014208191628,4.013392151766052
6.4182030571970845,19617.308493681245,2.6709767469328685,1,27.743213915178416,7.008377826197566,1.1878543492856974
6.848000112594903,26296.948300252538,3.815227608716361,1,21.7275508191423,6.386437222556816,1.9779388132210285
6.991685152928785,20389.593815747437,3.724823560337372,1,23.959824926798916,4.894562496630312,1.855342540028695
5.924799469006341,15413.896147652376,4.188927903696815,1,23.485009993812504,3.117991873984616,2.834344781972184
7.526680395036496,38468.41358393036,4.1482231286287385,1,18.93616160744482,0.20928754015951279,1.2850821687306364
9.038326068974223,34353.839725198755,3.706265891722728,1,22.053461975118534,0.9473596637534724,5.5083139951985345
5.945988643250958,12356.90562217442,3.7933292763371305,1,26.99242202687605,6.270103172985349,0.8650339853094549
6.195086857984779,19331.1940423265,4.196558262262504,1,20.730469789682274,1.399511038700824,6.238442925308233
9.062822324592789,27959.926160914205,3.730369857064929,1,21.618378426314393,7.680427784035103,1.4668928607457161
7.137428697435654,17506.60880253229,2.964181350437086,1,26.461838484772663,4.412767337020233,4.076288322529831
7.780868679242907,40483.73038912539,4.602026774692102,1,25.868292522855764,7.766488027063597,4.664525229470896
7.150046115062049,14708.47418515277,2.633890804064505,1,17.217783978350674,2.6477078801840586,4.797475211828465
4.574124682109073,22520.418640021984,3.086499925758962,1,18.97844701401567,2.5382083141679304,1.9526151599144084
6.179312077651539,21532.519232080427,2.951960935251281,1,29.889262425499137,2.8705526250110722,2.110414043717333
6.990452676633395,17679.351101001837,5.184441994818037,1,25.48815298787687,2.610394871582678,3.2557134677195694
5.810742057236217,25419.551655141106,3.4369668618570386,1,24.582142220610802,2.964977203894499,4.6488186989652505
6.602539771517404,21607.483238238598,3.5924960849831398,1,23.3445408267219,5.937884825752271,5.305560605879614
6.857493757803479,22603.64945436473,4.306581068206637,1,25.15774320441602,5.575317883985731,3.07443016519714
6.789820821454213,22527.681207020963,4.5120682052334455,1,24.789012304503284,4.043378412390887,0.4122738174664835
8.560349290980842,14254.66131588101,2.939212581325054,1,24.876257123014675,1.0102243096108152,3.1359974807220277
8.277058197816894,12715.814279597913,3.751324090887501,1,24.831649319155332,3.4263341154117666,0.9142456519677757
5.636923560026004,27283.780654727874,3.007138098511581,1,33.71304374160695,3.972592898094518,3.391843618934779
6.607503310701949,26420.80956413201,3.447111218633033,1,27.078042450422487,4.702990050475764,1.8380973109876273
4.951413520154646,20117.359061039177,3.870681284651756,1,21.540279280831406,3.4288263638168632,1.4537886271016613
5.913132932597382,40847.76014638122,3.900211313902089,1,28.040366781202007,4.978410948956869,0.7867682623772623
5.039673103915176,23027.549759335318,4.864866409455395,1,23.815259617384804,4.566160575873443,6.1840640486631635
6.339142826418309,16364.159409157835,3.3557650163097223,1,26.703058514831824,2.4253853864091006,5.6629384166341525
6.451503543212321,7990.891467648895,6.307678472047721,1,23.78927401090763,4.094813229322494,2.097609339428239
6.920448700069692,39251.18212911576,4.498818335873909,1,19.869017652179828,1.510793318099076,4.2720390942288855
6.3932313449189255,17258.114034877264,3.6443881273520127,1,27.595669846213063,1.8316734219098192,0.8230058767032107
6.100245391093,13886.809713477494,2.174898198676531,1,30.550026120989756,3.506865625812946,1.9434347634190627
6.272474990901286,14642.205540005174,4.612535780383918,1,22.803087727751542,4.746534423774588,0.8721013455560458
7.493843860854462,26678.392878738523,3.8199465596846975,1,22.443084091829043,0.40240132957430563,2.1089497116453884
7.63526469216248,17796.374638357433,3.9483035163532407,1,24.773471525142536,0.31515611842691627,3.1339611340263738
9.097617417474694,38413.05708961672,5.473663248895655,1,22.23213683726161,3.5154663257255616,1.5594330594468182
8.040144167343296,6879.764653372923,3.986459812349238,1,25.971042001186717,6.788007327692545,3.713676235608364
7.296908882387336,15931.429225597616,4.671448182615176,1,21.525946543420517,7.280452024399424,4.889288512688398
8.014183072060874,30566.767504053954,3.4170761989488176,1,28.46108722333392,6.735617582967597,6.302997983616828
9.25289339735736,12855.346238177452,3.566434730432753,1,27.766024728918303,6.209409191642519,2.0569657892969824
7.288112706816173,18979.981691997367,3.626989960403898,1,24.59817430901907,5.519426752500697,5.2302424171719135
4.865444268085012,32858.48309646261,5.070254359377525,1,26.53450636958862,7.254856712056546,6.233549451205391
5.141506876714266,11288.634718378024,4.510578266177086,1,24.467652844083517,0.5011065220882582,4.681440405046032
4.886379803626396,38633.30516883611,3.227849086219344,1,27.136446547850056,1.8642069527198664,0.3487155597134709
9.454119448104636,21379.963927406425,4.0586260103019,1,22.448693075637,3.096984442258807,2.927488763728668
7.000523220722731,26012.130277781263,4.333688587372011,1,18.69304942262159,2.727853374356601,1.66253962730454
8.323982150124747,21292.82875462119,4.153782657266314,1,27.389370381424296,0.25283701241068157,1.151861058352094
6.643158712135614,32873.820021715685,4.562197671215202,1,23.8239666942697,3.443036058660534,5.7312565912143585
8.628893415492303,13688.074338907056,3.071350370794229,1,29.38511932039594,5.579753065478376,2.259383969155982
9.794717848521511,12490.55827605843,2.807129774600525,1,27.26966237638032,3.978482144406316,1.8106926909574932
5.603325960876688,36873.55798910287,3.9004213611254857,1,21.439358272877218,2.3626220862156084,2.6134645006854087
7.266781485544794,27468.681706961732,3.9198270449578096,1,21.06020539790915,6.512064597992104,6.934828877714486
8.064652809050983,27172.89357293617,3.3241126143010957,1,24.28487049638621,1.1014016877480948,0.5729520134533669
6.336456502432508,25927.26543187954,4.561219815198779,1,24.565807282428462,7.146787944927637,4.285067484546762
4.533399113632135,30301.856674397222,3.188640741905024,1,20.480024679031054,4.3814529723775175,4.873387770480509
8.951652135487269,15189.327822031712,1.8443716036962137,1,26.38405886105296,6.68324161897952,0.6977207688669426
7.210773702067905,14230.419130765456,4.462408040870791,1,25.434125351683534,5.456872123174805,2.9878701971955
4.238282524808328,29344.84447648613,3.787425889312188,1,24.139244873413077,1.8929675732024234,0.25122191627600754
8.264090516352203,23556.934353273347,3.4105107155681607,1,25.127182298428934,6.641675575880306,1.4645198582874377
7.893312711115429,14444.289598021453,4.097360116401124,1,29.427157699043313,6.66345349712525,6.389220866367798
4.855587760461034,14905.255911832408,4.697153025520578,1,23.14273795690599,2.822176927807265,0.14627253318995798
5.230453969096887,24790.724599455207,3.6956151117926663,1,25.70837645325273,0.6026296542408931,1.6411894828934968
7.017295398626637,20169.34425193036,4.899611272468954,1,26.560093697787003,1.9296994034328168,3.9900884721214473
4.941972156828116,19806.411303229328,5.076146746327639,1,33.55606412162486,2.782173631953245,3.596448368904294
7.337399849697425,18543.499362354367,4.981833942925027,1,26.71035222705995,7.569339360363617,4.976714197952353
8.257596524670312,20109.02627037874,4.528574925440666,1,31.123240877829016,0.6013006411671914,5.942296841516754
6.941278904431053,15433.134836912068,4.178959771570964,1,29.426198900378534,7.463622955268102,3.839964770923131
6.888547603133792,30722.29823264939,2.901432044137745,1,23.600575346539344,6.925969111271197,4.289615394682109
8.247958056143684,28327.16733816442,4.723230705859027,1,24.510473935906372,7.544788499673557,6.782209321979744
7.3560567780554384,31409.063978837024,4.549916839518295,1,24.905222996815624,3.2277544954114252,5.187489929878149
9.75270322651984,10194.32541115761,3.4221104746990925,1,20.637662085947483,1.3137853051430548,2.072257486936792
6.910765112184391,7764.438021536858,4.340148944480579,1,26.75173309261433,0.9870563263845389,6.944324458614756
8.80184604561893,13121.171942689456,4.031495952782075,1,21.857090885994037,1.6405807542737867,2.603950604890256
6.283103588064353,26188.162173561268,2.663920733696861,1,26.93305805413034,4.005685029121888,5.4955758288208045
6.35403811007823,16174.4337385309,4.935240394248478,1,28.07756733146236,4.791838523911853,6.562122642430826
5.928767339528974,19240.05820156024,3.592912289891955,1,28.333974008610486,5.064380558586981,0.2853272468228346
7.342231249416264,35273.97622922741,4.261504364251519,1,23.850855377156627,1.4852299692182807,4.563523402055203
8.594217251084952,29706.234224271426,4.48954479397793,1,23.038133509241348,4.1422202068093315,5.927929586431013
8.149437297610588,23978.10768273247,4.949257360747264,1,26.572626605304038,5.8503426491755,6.679595140402117
9.271578532993324,38886.38767861533,3.549608409738088,1,24.58902711188097,5.020543088673131,2.0436946147663293
7.021617480943761,12352.811105129527,3.855636250178683,1,27.40948295087796,3.790964150353841,3.4702980530463976
7.83336100102891,13394.731607479194,4.27097313834306,1,24.495323491076856,4.5343431734678,0.36368914518452067
6.643734375617576,14110.9209679882,3.920607408198088,1,22.68052380917387,0.27116447111745134,1.158764878671697
6.761413709046804,32156.819438954968,4.350206872394596,1,25.180000647093713,2.8031112881420364,4.565653034569117
7.612516822631869,14812.970644801802,2.93959347170948,1,26.715858161288885,4.5349106400685875,4.18163357010684
6.080992868571669,31321.0824263096,2.091786839914147,1,24.945546029060484,6.924487294022356,4.249063048627406
6.658833571629886,16828.88059669601,3.969740440383512,1,29.333517605796942,6.327273840918894,2.3082091693833484
6.427720560503044,12215.40908259904,2.9044533996755977,1,24.481456468996008,7.144831157700301,5.916698913480195
5.023380783822836,15040.841477655327,4.477351412174476,1,24.67696744349708,7.89974014702839,0.30350509014430493
8.163999617620284,27414.899122937924,3.67308809381557,1,22.528511811444595,3.3306544041838264,0.5156866716498947
5.272156458908084,19015.46827486608,4.063825853972672,1,25.046920588454167,3.5719604547980173,1.8161228586566214
7.46655835764527,16679.67362202795,4.991674870778567,1,24.07105758734967,7.961919587362114,3.5543935727016276
7.397650662541773,26730.635333884977,3.0784787878788222,1,22.46502517222774,2.1226468137779224,4.758348176576824
5.53953369002387,21021.41825917061,3.755660187275043,1,23.56481258290687,6.3355393353147775,0.10424350639222657
7.376161138266742,17181.008813677487,4.0102353937852335,1,26.48579850785337,7.30656346651844,6.143432977786491
9.318613915632229,24497.873935207102,4.642719286485374,1,24.288449106057307,2.298717363276572,6.085652093209414
6.701940911688224,17176.87895065498,4.179449580997948,1,27.30409688855968,5.57261505340459,3.679339999859039
5.5475762631029415,27417.99804290247,4.448670726124141,1,24.04430422043572,1.156380207410993,2.4832253621912543
9.001822865226588,15379.912762902462,3.976873452391297,1,23.713316751106582,6.857935617719165,5.069055979415695
9.130768886836288,9929.194809860886,4.771443754534465,1,23.319055613266386,3.5648621702057186,4.734162035543135
7.1252110755305536,16701.56597534472,3.9080753459125,1,24.629479169849056,4.351828355076142,4.492567462942139
8.43344310417292,12833.461241077755,3.8247341378467112,1,24.614218628398365,4.54513852711134,4.316206373191352
6.847863211692964,24456.174888097576,4.9211957300136175,1,29.091470303053267,5.118743418890068,2.633528048260789
7.263545070215379,16129.706923294783,3.9505297370836048,1,20.036884284739628,7.884316356790645,6.4916435856916515
7.77766536646659,16780.11614682852,4.683334812674568,1,25.942020243568862,0.9223358512603338,5.4915962220578205
6.665774201161871,30610.047900416503,4.903553219156194,1,19.905163442903884,4.260413196891526,3.3025006699860557
4.959852811105887,9887.830754527777,3.455044818343884,1,24.298312763848863,7.3567767920527585,4.080751970794164
6.397905013801276,22057.051786181903,3.958543451376229,1,28.83079625359146,1.156924957225062,6.032032145723181
8.1403444634267,50793.898916874045,4.362792108070999,1,33.71402868734667,1.6239097455974774,2.4174525113390044
6.714776879687881,34558.40266734972,4.684853470075885,1,24.326250688382817,2.003356322971735,2.3074414466290505
4.33711946912069,34355.61842683239,4.401635259788382,1,25.336183462909705,7.292548898263051,5.333225123416094
8.433290823974154,15904.243358955971,3.631542932175278,1,24.01166428809899,3.2805671230116014,4.158728611759708
7.274212566762742,27198.43259077055,4.710256299762649,1,21.263446051682152,1.7558969912596627,1.3401623636219997
6.579184951031363,16700.034872558706,3.813556320666148,1,22.3875968101389,7.1788914625450335,5.276953092795863
8.651023362891474,13207.860965906144,3.644278971793858,1,21.00066737719208,6.415409185790163,3.5932321321498755
8.35761299314161,34989.04708052216,4.366242227773332,1,27.249795686202898,5.013953958959314,4.071320199084907
6.658741558086449,25172.58575933561,3.400987615145624,1,27.66019188092332,3.8700196596343055,1.1415426962655137
6.332386866369147,23073.063966144608,5.159001749466259,1,26.0493635975028,5.546578273852189,3.4490301534536503
6.730427772496591,9258.767076148217,3.961942034758809,1,21.660520997963516,3.9625889044524296,2.418956596939894
8.297783199991656,20316.42668466925,4.239220571845264,1,20.717280191497334,0.1858038688919918,3.4998938374816326
6.259267532952487,9734.677103081169,3.9321419587747375,1,29.390715585395807,3.7076529881485594,1.1031042783391645
8.076126298096359,10816.273366562233,4.291355257945636,1,25.361129401695933,3.7703567656552677,4.591642499718058
5.7310421388707296,1351.9069790965912,3.675807027324031,1,28.422579912905007,0.9291748655130744,4.116284494113972
5.303764336866174,6675.682244593603,4.024520850722231,1,24.743014601811815,5.422746976330475,1.6939637705948796
7.951451170491509,6108.795734261221,3.886882385706481,1,27.317789843495735,0.7683418715735298,6.717310604674472
8.832142260904973,12171.024549095238,3.9145118853536345,1,25.59797857800885,5.851115124507381,2.3370179727922027
8.250830009047863,21616.633855183747,2.6047078453451737,1,22.674955093099094,2.764210777077606,5.294418636626688
5.860574154812488,18321.992317911503,4.277241101939487,1,27.657797879873943,0.8991596811131485,1.2165692938403332
7.889579344955965,41210.66698053774,3.2273600819458808,1,18.68049054982795,5.138681190812512,2.17332883635986
6.1859248920520455,1198.9436990081783,4.090264381918475,1,25.88306994038283,6.462703944730611,1.866908454305211
9.079715109457624,53735.89919386698,4.551724493755741,1,27.597575639736775,7.195726772178281,6.261954920196889
9.221955642445518,26502.59577382064,4.294251987225159,1,22.328983512861612,3.9880263159889537,3.358793827132789
9.370696575357568,15106.308646718096,4.3807969416857615,1,22.811724243003493,6.9886746188424125,3.078209185951146
6.02834878509831,12145.544595700614,3.142083954421776,1,26.21863319082363,2.7966055364070574,1.9004682505230468
5.6664461454272965,24383.741538214686,3.836823301450685,1,22.202476960987035,2.2441332663905347,3.8600483702812656
6.985303737450439,16470.952191630782,3.0817990077044746,1,25.68451705844996,7.102020101309663,2.659921800355104
7.273368228315567,14206.357322954953,4.196421036326544,1,23.143794701937512,6.795326419283435,6.89946890835069
7.449659685994515,32251.35964845829,4.3704044218054285,1,27.978895191894182,1.5287454483151146,3.206335128885584
7.618119571705241,44539.73832325805,3.769699537275837,1,25.465357255155915,0.8030897874061065,2.448165800818535
7.027296860302588,31151.615179031895,3.3926664230795134,1,25.767734522259392,5.684090072053776,6.295974071137484
8.610963031730751,32079.774815203946,4.614400405414759,1,27.589215739815568,3.778897183507349,6.911454173609358
7.423586011645774,34451.98421401317,3.36539749533764,1,18.112576156248256,1.566864218527767,5.018207878294714
5.4566808884538265,20967.84060967087,3.799472548553733,1,25.042234320992026,2.87063901554869,0.2765463584674501
9.612898964310972,16598.5775109041,4.016409562458125,1,27.017055424774522,4.082060924274556,3.3380418881544505
6.641174116155328,10220.712358756396,3.1547011218912004,1,21.945008223308463,1.4335027239178912,4.032772762874897
8.2850715273713,14402.726696074144,4.2746613334345,1,28.320233647904182,3.6869958699758287,1.5888730005172236
6.985192202008131,21944.64182966756,4.246201594896596,1,27.322921965571435,0.5178882962511624,2.5772006189158287
5.0941643608551495,22957.65340254462,4.710936484050327,1,24.72433974307058,0.2638445616716556,2.420916896404214
6.150034400886871,8406.72324367801,3.4444424918515057,1,24.65105781121312,3.25681169841166,2.733068212864474
6.189699260391608,15229.70286870656,3.027371480146623,1,28.614009858171734,4.822615568113783,6.832556511609745
6.965279871760655,24312.03779826068,3.969318295936528,1,22.969958939048592,6.214384113161978,6.23220110417382
7.503085765108365,32000.178936298867,4.3055136249312,1,28.62398045685468,4.064873231486651,5.222262693197126
8.581042820709179,19970.434294477825,2.883145376777557,1,28.790477504457296,5.258643988389399,6.987665190923651
5.530055021165576,38918.77807317498,3.3274721394344917,1,22.187752426730807,7.017605318994105,5.41723541162666
8.743958544661181,40843.61655055208,4.118973080180648,1,25.375422399004506,5.986723183217538,6.205542433497071
9.05238368979066,22203.487258877,4.259719451958118,1,28.235669039013246,6.7056755480844386,2.8181769650439623
8.077260885586492,23931.28283313192,4.279871302319948,1,24.94679760074672,7.520691583244143,6.397219513743389
6.682097358751442,7705.298604759636,3.449829469695713,1,30.056405121377637,6.912770558380987,2.687545187750075
9.24141997355796,39566.75435226551,4.718850871201126,1,23.005140628853535,4.675207729839063,5.905219512565033
5.628313271623295,22856.74290130993,4.061644660822068,1,28.47535567954404,3.1228761918767485,3.32941144187566
4.857802623979042,15668.27361760507,3.966570844524399,1,28.56849266157724,3.6705526080835833,2.0190822183028465
8.430471661964157,35254.02604659549,3.2539204326522717,1,21.878373165116997,2.2637488202232516,0.9875854809305724
6.817608380056349,27548.61417733812,3.0482920601678845,1,23.57688098680533,5.878158522055751,6.25677838915716
5.913755319868532,12044.624691463148,4.023775901625008,1,23.587246417157573,2.3014325864611673,6.993295354038512
5.500276575154884,19911.22489983855,5.147535911439108,1,26.84675363048635,3.5167142725712983,0.33187982888435474
5.608623152458352,43680.22252088611,3.7775082665636655,1,23.633078399929254,7.852761280055593,2.2493219075650153
5.609235358941159,14825.934501735352,3.2246755179341866,1,24.44463100087277,6.910511448653883,4.840724693707427
5.859822103560279,3640.73431981458,3.4266340746155777,1,21.23908943480321,7.972405421222258,3.670978083818417
8.468741062907595,21038.442612673443,2.876995630567156,1,16.353682090785334,3.6145488288798426,6.832625582301202
7.679595096300121,32000.8439113861,3.297525234337058,1,25.43739692672453,6.7846643608933555,4.2498821469176775
7.226592711428238,22097.41322267961,4.337116898531741,1,22.69064886314078,5.9921102064519856,4.289603541641533
8.659113026830287,23514.63664741336,2.89577427975715,1,28.235264694451015,4.869225470977618,5.157107290702345
6.360195819161054,13742.139486618224,2.713248378640136,1,28.05081861954563,2.856262169788533,3.8452782065728397
10.485603647205735,32872.38056577991,4.669239858306086,1,29.51978497947368,2.9608185596916226,3.001703420225737
6.603416523303387,19468.790095389904,4.270816603915842,1,22.840859124938763,1.589136954336609,0.228673687389578
5.713322920959069,11356.58048115559,4.571127866112447,1,26.513268781956764,5.364784429542491,1.6833582898420465
9.609834364508853,22690.045870943104,4.308357589285532,1,24.116851839053368,1.7729851248826953,2.734979560985858
9.960689857533172,15835.122817712849,3.4345384628517905,1,24.953853996077438,5.9889470770524476,6.059725114783416
6.79265509816682,9094.313300416155,1.9177543925715308,1,26.165770921224272,3.540080505300704,3.312877998710231
5.91053973772753,25721.83386616531,4.007508147814352,1,26.659312192265688,1.4632157528946768,0.6551658108450086
6.125810325429851,8810.895810076594,4.9530576907486665,1,22.241845775244173,2.8256682807169256,3.664989163223032
5.83610452509449,17711.487773748795,3.738990829291201,1,21.17179233632841,6.979108803158539,2.984354875774775
10.667363934157889,28912.202201016768,4.135568909483627,1,31.840464086073546,5.56037467641886,1.1247258881187698
6.260111289935809,18577.623968980275,5.403614891830472,1,29.16644449153562,6.955120693475829,0.45011699035366515
10.808156938842764,29614.34879008105,4.362542226660023,1,25.087564691675055,5.541310508684812,5.93718754304186
7.371914155906743,42059.38041717759,4.338957325879694,1,26.54410455195353,0.8874404824106663,5.372780377884174
4.825591458154621,11142.392632055147,3.46309715357363,1,24.608084223444305,6.376469280091993,1.013304481098412
7.395450846886257,22561.508311398626,4.990235633377976,1,24.972549268753035,4.7880551763098245,5.9758260032128785
8.862112709633287,17433.60185279686,4.955081792660148,1,28.661212205595564,3.6938670214430864,2.4817616056527525
6.008973609999536,5100.094172699328,4.012340383352797,1,28.85037562212928,0.5219607452511026,4.143084742623284
7.607223911235492,39184.8467196431,3.5250271306094576,1,23.15446942711001,1.979633799958724,1.323161173564775
6.683367696720804,18989.316768242767,5.208061134164884,1,24.366349033786857,7.366181096216931,3.85721957090718
3.629922064880713,24856.63320937223,4.754826393219847,1,22.569201399450268,3.6392690096659037,1.7143127708377432
8.378108022890373,28474.2025803626,4.524692969777054,1,23.60391713408124,3.953732511072922,5.864324262702707
6.923636014423605,24792.525622664085,4.0133388007039175,1,27.881904231654012,1.3107768598155896,6.420020798802901
5.893103407526232,20526.66615556356,4.390701603798026,1,24.47140416906625,0.1662502148708948,6.937316288825244
8.197353369384867,27701.79405469116,3.3618333238544555,1,26.888932619032133,7.816461090772475,1.7247479536360542
8.989900090557086,15921.412017954248,4.613842848013146,1,24.665204809076037,2.5360444626348024,3.2411365230450273
6.702546553103828,17246.920347484298,3.442983035168171,1,25.471043246545904,2.314945567870746,3.46557198002841
11.491010908391427,37188.826021934,4.369264314437881,1,23.300555998531774,5.673564680253411,6.948385944650232
6.069615757057698,26138.78019066394,3.669711703641994,1,27.704219949900008,4.628478165239463,1.888333074762332
4.668101687405915,47580.99160333534,4.4358209095098,1,25.08398180580617,5.106498732793179,4.162128038079772
