pH,turbidity,TDS,temp
1.6226632227196827,-0.14961267806581754,-1.0326724273054355,-0.5099400050913204
1.330135755740075,-0.007737247146758735,-0.2796790892109692,-1.3519247439943753
-0.21832244529612463,-0.17567865482817,1.8904297365605616,0.5706782725263072
0.04200096915601642,-0.06618956690080785,-0.2187493053079179,1.7233887762112738
0.3787754411655648,-2.0027061784040203,-0.9114421601029471,-0.7443094784262189
0.8416268934734498,0.07846293752402178,0.6419853741595484,-1.1453990085076757
1.871554386722236,-1.5808407755856835,0.5640892994929451,-1.4625781203881167
-0.7042598504951779,-0.5872415379019222,-0.7166273332714982,1.4889001654028207
-1.4727966436139144,-0.7560242822432427,0.5068916488400027,-0.9314367965573191
-1.5994752996788897,0.4948516662781127,-0.6699014911496955,-0.45717020254311047
-0.3937885696246912,-0.4889541384295191,0.35600282773246783,-0.7457818113365994
-0.3450737480757895,0.5753641088674994,-0.30903018586763986,-1.7133866336969639
0.46930249538111635,-0.802260071385907,0.8478598506140284,0.45714432660037185
-1.3377240212002133,-0.16941385524941038,-0.8416345701871877,1.6611836496819956
-0.16993509952988806,0.947829514738127,-0.06933345942967867,0.6912416246226143
1.3536497360544326,-0.43704977709524345,-0.7435748406894814,1.0131317614060646
0.12395976068934413,1.7236870306928103,0.6120961244031914,1.7939836256570116
0.11283764124829,1.3803373233170348,0.033743111655425095,-0.7002063916014133
-0.4183466159955514,0.8012454505505561,0.014643601932931367,-2.3124062607650946
0.06549283816049477,-0.2945024506770831,1.5146603798917673,-0.6408797912957269
-1.2450782531454396,0.5617574210784199,1.4629350553850666,0.23783063566218418
-0.0219178726045825,-0.6517048358052975,0.8442203215923109,-0.5314979801276443
2.5391626919280017,0.8641827652247752,0.41132166142972065,0.5040089171652786
-0.5755989884224192,0.14641702694154482,-0.9641553644385811,0.16060047073672992
1.865873397431828,-1.3478492779845217,-0.18705594059078498,1.0232371541309404
0.7632944149802273,1.2691897306387931,-0.9466325150165155,-0.07320766665338661
2.256731600190866,0.2714106384280343,2.9570617302745377,-0.11896887102280561
0.5882732289269074,0.9108486338358049,0.14414604041882176,-0.38977927502747145
-0.39042892973120413,0.8979328115519617,1.3123355043779708,-2.0623395970950695
0.35828558790361253,0.24590277139789501,0.4387897537843003,-0.7612239368562901
-1.6168245183625818,-0.9438945175136257,-0.5044476004246972,-1.1008816470682912
0.41564282291181975,0.3836598013891395,-1.777198070936146,0.7861910797920441
0.8195715805367744,-0.730159783020627,-0.2629722013982747,1.2500213673226679
1.3355755447166702,1.2062498374815096,-0.7570002092328492,-0.0036491816658459336
0.010881524656933338,-0.7380098800039725,0.3933862994977702,-0.1296051380741254
0.6693669023871565,-0.3973745285044109,0.803356651793455,-0.9170729940092333
2.043439062998776,1.47207255445651,-1.2140234775243153,-1.7199597854447417
-1.0065453953202517,-0.4614343715001073,-0.606682990805052,0.7196074198605796
-0.22155900360310118,1.5102336891336228,-0.7927113588891834,-0.751737306723818
2.037421435294075,-0.2367374563405833,-0.6840473061544631,-0.39190855653422313
0.1268478403774133,0.22846428082708015,1.5416030186898493,-0.18701690459095038
-0.8708276577158767,1.954002116909028,2.4447661209136657,1.6637432942889507
0.12413618826628862,0.6130180895604571,1.310673445051675,-0.07201867699247635
0.49290892196076413,-0.5906413263412968,0.10952712532744742,-0.5648301935023302
2.914942321896552,-0.8785258389340341,1.8999070623714787,0.4402083098681432
1.4249642814943286,1.1557849938045457,0.4808806852230964,-0.3378607270242308
0.4765403888907992,0.14951515591655473,1.16583066445226,0.8184125852381983
-1.0784501445863015,-2.1977091248876905,-1.2490554395405573,2.3598602243265
0.5378860634177566,0.7716291816181762,1.8576397770597068,-1.2417949010416116
1.728501733170004,1.4871190955076063,-0.1340976160222906,-2.087066370411182
-0.10410046592661709,-0.0010522714334183865,0.8566523897499586,-2.096814634524785
0.38915889637175916,0.35695717878412153,0.0725212275774914,0.34615518414924307
-1.2050241471956062,0.23465578251975366,-0.4676454840266698,0.24900985814572282
-0.06322575909475317,1.2638438017522486,-0.7164665169701336,1.4529011235428528
2.0271174094051005,-0.328671301608331,0.3561953031980515,-1.8707558214345918
-1.123104027363345,0.2412912714899728,-0.14202809898203184,0.7821204140600404
0.29922655030220097,-0.46488465901913334,-0.36336792550803276,1.6890666536715198
-0.184765506429137,0.5224066941267564,-1.069924362084044,-0.22177294027072392
-0.8376897047722972,-0.4257234345000363,-0.7990124921896817,0.19564357041257688
1.7080601721810598,0.2663452440719074,1.8503736885334365,-0.20338358463395545
-1.9610724864436562,0.22176632750348685,-0.30074457484101424,0.787522416354918
0.9854825822565616,-0.2773620096199074,-0.46603227847508594,-2.105056362902464
0.6622984706071975,-0.30268537081411456,-0.11013191413736778,-1.224430111270216
1.4231243824034616,0.6881849769321775,-0.7368720468482568,0.3868954509212982
1.2074557850912613,0.03019322432267139,1.0902924695680984,1.2436696281406534
1.6576916045306527,0.2284838208843097,-0.4790161117432659,0.34293214131577393
0.6536363935536733,-0.4593326519925214,-1.498958692411314,0.770555403047186
-0.4788053542668341,-0.3342026941738221,-1.1680678721900357,0.8767708749076537
0.44787541155084576,0.22447701900691863,0.3280257179859907,-1.0108890058613011
-1.3895386999613113,-0.06967856501178375,0.9643401485766244,0.14259400453876805
0.25595827037120056,0.3490156729132116,-1.1542237297355042,1.0062714408961029
-0.03490123976022209,-0.767322566006752,-0.4955075061999055,-1.6467163356131045
-0.1651937270793434,0.7140948178805805,-0.04117584507015811,-1.2936697404413002
-1.6017952374352908,-1.2504471134990562,-1.2243155923123532,0.941909601773359
-1.6182022784196735,-1.4104407679172017,0.6560494442575071,0.9035546921793932
-0.42312453878365214,0.6524753506782025,0.8091059278917055,-1.043456634102266
-1.0338598927848004,1.3653685781839253,0.6740406958871081,-1.186415875170991
-0.7988873417732549,0.23956471436834825,-0.5621008478786753,-0.14045581583384825
-0.5528915515325098,-1.724548763334926,1.5680502353171806,-1.4286843671110185
-0.7812898269143412,1.0945695517097886,0.8595698558376159,0.04156797847384019
2.198492269112713,-1.045674730839791,-0.388256298993647,-2.353502522008095
-0.7020430870412346,-1.144646266641014,2.5775782205787143,0.684748807239323
1.6214305999695036,-0.650327106257132,-0.21457172715826753,0.40968585768015126
-0.15756300943672488,0.7383849631846433,0.7702187947360797,0.5172458550440977
-0.4182326707310127,0.5319897988380572,0.3158303331477134,-0.11102825350624013
-0.9334161399831855,3.2258047519693664,0.42538612676753856,-1.5392459846347775
1.8275944492723764,-1.8341552005786617,-0.9815101933825015,0.24670636797045783
-1.094015612601098,-0.410189699050733,-0.24778771726791388,-0.5850215794041522
-0.46275705870627193,-0.47563442632191105,-0.9414468263988333,1.2643965342851118
0.9959502756786316,-2.1562560645348627,1.022326161857396,1.5841325216589002
-0.31306220377697713,-2.272793270802793,-0.7249528355195702,-2.197801650718471
1.1293516263448509,-0.2437567694715157,0.2181771156996259,-0.5748874478014832
0.02309780047650653,0.04447334290250996,-0.6114877008799717,-0.7019720995969824
-1.4431731878963177,-0.49995354252755086,0.37235464279191416,0.34976075724424543
-0.594499706419235,0.2863035231480265,1.6893669442693915,-1.3898510991250286
-0.9371527326833983,-0.12264469368505139,-0.779534078421555,1.2397725844969114
-0.01729629142016247,2.152065793380781,-0.9571401964341817,-0.3386240970033192
0.637132108526788,0.5120274656304189,-0.30175939812991237,-1.409616777823652
-1.6621042123274845,-1.0760297095359979,-0.1699997356725665,-1.0104063366725493
0.7530780612209922,-0.9956385837228617,-1.3454077938566178,-1.0735538432220677
-0.46636061861832756,0.6539656090793233,0.3821140093087354,-0.7840534001843936
-0.05199042744981964,0.4830046276764159,0.7295059979748828,-0.28389658407057455
0.29938721894254355,-0.3712488640419279,0.2119091382145034,-0.37156147328691047
0.15756548396468273,-0.09293959720187053,-1.0729721570806108,0.8450748813813452
2.019436983800985,-0.18649452900723146,-1.494574696380802,0.28971831774753753
-0.5426382909593904,0.06131454596217491,0.1255784836891602,-3.2100098850626066
1.2383676507324137,-0.4795815883952682,0.06923849869876546,-1.0043740046509808
0.7321623028531262,-0.09168052936521377,-0.6099337481342064,-0.14150647596871463
-1.5186033520289517,1.3593110238676491,0.9915095035943405,-0.9173123153795277
1.2974066058769262,-1.0197511125347918,-0.23849477757635418,1.4075144990486963
0.18014507203285182,-1.0422770081954271,-0.5331986088637974,0.9881150466421
1.3875473711859843,0.6455305809607406,0.2625916594962591,0.8062048914535266
-0.28478117636390193,-0.7334117569414019,-1.4198818005663276,-0.5267665616718287
-2.4295517917156313,1.777161976242609,0.4944373868444994,-1.0348190850797192
0.5937526844556066,1.4488140996146601,-0.10175303607977677,-0.138072191865034
1.2488000727571085,0.8377112912672119,1.272648782276013,-0.8316459669826917
-0.8457116398739654,1.1709333519508314,-0.13466940144606523,-0.4364106144585352
1.6710345134098121,-1.7349753851924397,-0.6517351398046018,-0.856116466897481
1.2031943019851274,0.7545466886742839,-1.632399160761901,-2.289044591578568
0.42268555963212945,-0.9888829841139422,-0.573516451454955,0.059073958371882646
1.3750821148111558,0.5655955178870471,1.1133336893532972,-0.1802320354140767
-3.7284184427781155,-1.3193216770147127,2.1599348047690556,-0.6592859501940448
-1.4117842241261331,-0.03804908837661154,1.2503080745239663,0.0444785147644147
1.6923633413521382,1.2793044517873753,0.320153849859465,1.0621756525714068
-0.6038177349984476,1.357341635433391,0.4573406950695546,-1.9399302865754888
1.0321841721847296,-0.9698840247121532,-0.8070447594851908,0.6813271989050862
-0.47144796337212225,-0.741566155829116,-0.31122139144781025,0.2021005640558688
0.1529068985409863,1.007062058114592,-0.7065412147215708,-0.057118570603292965
-0.6744674592405413,-1.1717226468743696,-0.2659903845350744,-1.2606892820640159
-1.1974675233883665,0.828169464689816,0.6475437905388604,1.12197641626272
-1.0363564701213908,0.4694180890822799,-1.4985444499441571,0.8499585245888513
-0.9360958690575946,-1.1581313476775397,0.9915599873361017,0.5947401466574579
-1.2962971479468188,0.10438875806881179,1.3981454478570707,-1.194728241033554
0.40020921526800196,-0.09354065344878346,0.8129147636838396,0.7957344682469093
-0.8846691908355421,0.6432785905790843,-0.9425613986543185,-1.5114210551703802
1.9818926151637555,-0.9597153568409891,-1.1709517865902896,0.5059526529448435
0.21139008483005145,-0.7732839018798249,0.23007260608082458,0.8779193076614499
-2.4225936732912774,-0.8269859964458627,0.702139059804631,1.4075837993574005
1.939830008866077,-2.0572139726851857,-0.6877947205657334,-0.7243606403163411
2.195698596203811,0.4039483098661185,-0.9667867675567976,-0.13755348090810557
-4.793010584600678,-0.5741667485598646,1.8775101826476348,-0.01876562281086243
-0.7632089514029242,0.5624976390822831,-0.808868104732621,-0.2308939516026449
-0.0020502804075339573,2.2186799309219385,0.3036901139366579,-0.43920193033892047
0.7068457467618845,1.0707030146645542,0.071798327170432,-0.2346781672514367
2.1848307220139955,0.7327760266774713,-0.4710837734247867,-1.9449819992612756
1.4794988218884162,-0.6692402818979062,-0.8457398353666526,-1.118928335263303
-0.029564688338210587,0.3898198230480531,-0.25952169079565857,-0.05013810784475458
0.0014647195271186599,-0.32893926880905566,-0.43675569201355025,-1.2702443382433029
0.7831679532145215,-1.1616144368853996,0.3040576373724589,-0.09919512243064249
-0.6626208433938529,0.015842904794441746,-1.13833017699186,-0.7576652258857732
-0.0361550927007194,-0.042536825228005885,-1.2429219771385305,0.28753911821803807
0.2558625045805923,0.06279212487353783,-0.9636597465078582,2.604397451259108
0.6739979324734616,-0.7961676362067223,0.6822748347421334,1.1147976685862981
0.4095339494279285,0.5037897919643884,-0.474776201750608,1.8258767281754884
-0.2526766325128974,-1.5639676034595142,0.14607925963253432,-0.48132446582741717
-0.5497521250887373,-0.5364453344970957,0.10014175091209623,1.1963212193320525
1.0215082257793544,-0.7768827427314267,-0.1974114392491537,-0.3094550939688714
1.9315658343079567,-0.31071213261472946,-0.2759977701795131,1.106835791382313
0.8886180527622547,0.2050513388093315,0.5274797874683724,0.9525349518583363
0.3258453643039782,1.085269051218518,-0.07531343282137354,-0.21059271300870194
1.9044998259551063,0.6838023542985391,1.4566982182322967,-0.8145026941382587
1.7747602875617523,0.9674728731404444,-1.0276027929062275,1.7236878330079746
0.572002345783199,-0.4789140884186251,-0.3023925370282608,-2.3480843353352956
-0.13464402998165442,-0.9344161625115819,-0.6364035869740816,0.4459790944574329
2.3833934160018124,-0.21672264754093387,-0.9540420003817731,-0.5512487939247154
-0.9636340623840347,-0.5604369168362918,1.3761723195224662,0.24086558074421816
-1.2375981372106668,-0.08928353024729065,1.7609887919312448,-0.911704854659753
-0.23940092133350854,-0.43233916690154833,1.378684464936668,0.9314269035726073
-0.18476686905018422,-0.33386050435268766,-0.7243117406445102,1.031442567536599
1.0269188571561367,0.06468583060412698,-1.6972492431607995,1.1263739091527452
0.3323889551889916,0.675185569496108,0.3419784228545811,0.5562781095218746
0.7127105414767422,1.3049798957797027,0.20569065677661333,-0.9834093856519044
-1.2258512550652387,1.01547044105244,0.6134109423475547,-0.153860755302911
0.6154918388126163,-1.7588043525423158,-1.4331633957902774,0.07184524334558219
3.3299691267880527,-1.2453273327987553,-1.5809442276223211,0.17631228373722463
0.2288141872431759,-2.31994895522434,-0.46386067020924293,-2.588503257912432
-1.37324466830846,0.259048692776507,-0.1054807336879239,-0.21631527235327125
1.7458425158392112,-0.02021088439059726,0.8960428828330467,0.7356914824647265
-1.2198336671453063,-2.807892426080619,0.2661252338115287,-0.3133698276790964
-0.5132343829844996,1.8207745038550944,1.2043357104843762,-1.620062120920515
-2.208940929204981,-0.6614642087631423,0.4013473932302022,2.1039811937037114
-0.1370918873534924,0.7827625951512533,0.7785934074381411,1.7645190551295766
1.4148503461592847,-1.0057262152178958,-1.7507681088728273,-0.6404037203395687
2.1956876114301007,1.557630339115254,-0.8609550736062477,-0.22607432393515903
0.17747007467569056,-0.228594094567477,-0.43809044126311425,1.4707798055952406
1.5864830273399995,0.8691865006055608,-0.19723736578839346,0.2987245961399745
0.12722031067919407,0.8865689984745747,0.02140005585211757,-0.41457789080394175
1.2438427110829768,0.6798258858289932,-1.4351428178148273,0.34982508645094673
0.6914654650765457,0.8983002434340801,-0.4479026114504408,0.7965931140105983
0.48065749664830815,0.10864771984349268,-0.9210192181575201,-0.885957523350909
-1.7036131783693842,0.7289451781047975,1.5006806550193912,-0.9900553979802719
2.638818154403794,-0.3492454671085259,-0.7028725747402103,-0.05742043792543268
-1.652524720907874,-1.3518064858576515,0.5481594124283738,-1.2262997060020184
1.9178476121579788,0.96090690159519,0.8107904228979183,-1.9704990648105751
-0.8952580447098946,-1.0466490288413905,0.3959481036690814,-0.7551052919194029
-4.262354251013571,1.5070318940388499,-0.6101766451620794,0.931901295565188
1.6509934308795278,-0.9925189753838402,-0.7862974168960715,-0.22276222635516763
-0.47195033753279475,1.2038280112127648,-1.4608344327276201,-0.0215860706546675
-0.5208288136506902,1.4616833989653961,-1.7222680948720512,0.9594066197873793
-1.1564933961522053,1.5456050402288903,-0.8888198541433093,0.435780680587922
-1.169542894892403,-1.4435058503473799,1.021465556345795,-0.584069200773989
0.45984615692040154,-0.12907975896059573,-0.0032100374408653735,-1.3552789377771866
0.062396979390493205,3.0903690867585105,0.05419292397670706,-0.21969432936660876
-0.6704802532023607,-0.5665444357445026,-1.800844475140811,-0.3836773395024872
-0.2410095830661,-0.8905461398700248,-0.13303934009760876,0.35555934023277097
-0.2568263930202935,1.1306299762426113,-0.23961399134771574,0.6633564431738355
0.3410400582801569,-0.5235904884662375,-1.224985539992513,-0.10084100757432252
0.9969503851557564,-0.6262865560805507,0.11304920656477978,-0.40028433840723443
-1.170207006882995,-0.15056628525040092,-0.8298697015962587,0.5255411359320996
0.4178209688486872,-1.0421974408868078,0.5617829780878874,0.7544181270034114
0.5095501043359678,-0.41769267721323416,-0.9650011779329194,0.28940710029134464
0.02967395446423104,-1.3311003561942785,0.5266993183544023,0.6741650953170847
-1.6276953967032548,-0.990004511079063,-0.941558581508702,-0.6748449333548545
0.4367219325307903,-0.3223370938449192,0.05399202150631232,-1.2969769594338714
-2.036769200382513,0.7754643731089883,-0.060230606349222726,0.5221654909183998
0.48319333977938833,0.2246286049453297,-0.5972494973388897,-0.5871984763277638
-0.8476447307395082,-0.42736010492054194,1.6625281826263951,-0.6477980116386965
0.10848296507925598,-0.26035540282919684,0.9921653810570595,-0.843333552340152
0.23956309969611783,0.6527359400547745,-0.8565618878014487,-1.1543817327940165
0.4402702921599874,-0.4028307162470323,-0.07588615015028159,-1.60981914598116
0.8087808895954355,0.9409179234795961,-0.03724460706375393,0.7822283867102094
-0.16275179704798456,2.186995101131377,2.5030079327993504,0.1324353761900273
-0.21883998773398058,-0.22072726523768899,-1.615836769128102,0.4284166320238815
-1.6547131251240512,1.2943809616340693,0.7150304985345625,-0.5650379064981188
-0.3722274756636493,-0.3870517132280144,0.00500307000579028,-0.7528129954039047
1.156576194674336,0.5189784293923309,-0.02605556519139231,2.374134265754386
-0.18339401361750088,-1.1740215508311869,2.053047339980121,1.0230868920900855
0.6678248269109005,1.1122908693953701,-0.5895167964469321,2.1949935887810685
-1.4167643851512024,-0.46423287883947606,-0.47482037935149557,-0.24631462269004945
0.23046900712460833,-1.8298872468835774,0.35382954580469705,0.24449945426050812
1.6149206996057515,0.27038596036549245,-0.21045335347738434,1.1952933535391312
-0.8407137638462244,-1.384108629041403,-0.9993665686413506,0.1269594802721639
-0.9119933617621147,-2.3320947252698314,-0.3255834235799095,0.4056516170460315
0.3503503794534348,-0.7329415968272276,1.2828225599085858,-0.6756228259545514
-1.1772133851933388,-1.391239005766864,-0.42785706323563544,1.377769632594266
-1.5599453652558588,-0.09440072853342582,-0.6059474689803447,-1.3514648709874835
-0.03870455967254607,-0.48640957701865684,0.479853179431575,0.31029882532221503
0.5405052263607223,-1.0073937391230205,1.1046072323686313,0.9820952597493388
0.29365818256571036,0.2797940244669614,-0.8457261331981598,0.3181435698977783
1.1194490192393198,-0.9235708833774,0.6703298305017209,-0.2810025326719441
-0.5772841671841928,1.3396304678487259,-0.42973593329731646,0.9182219606323206
1.5255894816717233,0.6364191774300558,1.9304087354707207,-0.24746348496527965
-1.5247141391397698,-0.8527240116992951,-0.7151392726535617,0.4866962451147735
-0.6756789258076096,1.7774169759680163,1.408992906189395,-0.20518422894331287
-0.34602154260652834,-0.1411042554943254,-0.5943858290627996,0.4910196722190997
0.354768725952986,0.9971803334223909,1.566761515107603,0.26642539393359627
0.5194520559240394,-0.6334076774360967,1.3781978914198019,-0.3673946345051213
-1.0678882877134563,0.06786785072121941,-1.019092456331949,1.355329434120084
-1.955972326950514,-2.5527038435380116,-1.690469464342597,-0.41836893064892317
-0.48449282158950646,0.07094929153975946,1.2396092692328422,1.1873406324720581
-1.4458721638078371,-0.5884412667063809,0.7780514427586966,0.9552470560450584
2.297744826251587,0.2808020439585914,1.3718819009724799,-0.2700891950661781
0.9081805014587184,-0.7067737523622805,0.7842459980006469,-0.4797775329428308
0.3091540260368118,-0.9008348969651401,1.1803322341531113,2.202088441434545
2.875069411470472,-1.3677815122478765,2.384490358054446,1.952479199691817
-0.9639675492377712,0.5424716669873931,-1.0592239756572261,0.5963980670590543
2.347694429054235,-0.2408750434944082,0.4623059505703247,-0.5918642222095789
-0.9727182337218848,-0.7192909222935343,-0.3321440040636001,-0.1369107244580429
-0.23864086306430257,1.1847472873148224,0.5103831050038067,-0.41175956132449304
-0.7450433618704472,0.9717299796224885,0.28265428896042233,1.0470228312724255
-0.5521981201321783,0.7244563528221346,-1.1999343068225152,-0.4530821798123931
1.0934420839427172,-0.14679806702854728,2.0767841133213194,-1.05214527752033
0.5901783603539165,-2.196477510206288,-1.2146780257798222,0.4979175931495717
-1.134265009756473,0.5768625846222344,-0.33384450880749533,0.8307310545502707
0.05090723849487129,0.36651715994098377,1.3690909179712865,1.6718933082243475
1.8645990293013435,-0.3378320226656694,0.8895105387994076,-0.2410409315293769
-2.419804158764248,1.8755732424594498,-1.3777115003868736,-0.8505047140299925
-0.034106308994146184,0.5288805835658211,-0.20006347761173657,-0.353661263469222
-0.3353150581841013,-0.7796586816572828,0.20440230987479133,1.5714461310207253
-0.8351109721394437,2.1359582129900194,-1.04188744278191,0.14630709886834162
1.6502071909268812,0.1817436653695494,3.826944276168635,-1.2677786048278148
0.9282244305079302,1.5813986508003108,-0.31080863238128204,-0.7167227029451344
-0.17711471674214524,0.6582122387838493,0.587712684927195,-0.5028997884924434
-0.566415104715233,-0.3631993186076099,2.0635930846937818,-0.15465800594484255
0.1389649024449718,-2.281928077017294,0.09105712006785466,-1.1951117389009018
-0.376641489474204,-1.5082911363769156,-0.8716987175342379,0.7940018172718035
-0.773542310983678,0.4176335221192196,-0.698677087170298,0.9036672839233748
-0.8197285921593243,-0.06569121918255563,-0.48201600913062764,-0.21733133315851857
0.6281516781460098,0.4085023593688332,-0.9352213397642593,0.744257561065328
1.162221558352411,-0.6706395126971489,-0.3233667128067118,0.8578421629123669
-0.14066090153567165,0.8059847748570034,0.3676797589874174,0.8196699587729306
-0.7929135522165307,-0.34704124861098673,0.022319600624708523,-1.10003429099303
0.49762040943501046,1.5570916912380037,1.2370140739821682,-0.2046590040462821
-0.6956453110161578,-0.40060891614052624,0.929691740599068,1.4147802845460387
0.017844210046404185,-0.2830897828703805,-0.2793263141869069,-0.16515221374808658
-0.33262650644633934,0.6856075952923129,-0.22573615443935044,-0.0019647439105014153
-0.5796559208597312,0.7838062056198283,0.408266324724025,0.38942357294254487
-1.423361750183858,0.47791950048614174,0.049115292115749484,-0.23849941228406718
0.7220936689357087,-1.5354120827834326,-0.7520745092852963,-2.302540730826861
0.3265392962027334,0.2226680051842193,0.08191003121545566,-1.3148939536584974
-1.2317320210278446,0.14620474670017797,-0.9961757665186065,0.585865346776752
0.5277033836693624,-1.3567192270846085,-1.0785973705629346,0.11341643713389231
-1.2436293591251528,1.1142349461764773,-0.9862976423479257,-0.3063858540621078
0.24864398961140957,-0.3650849311416603,-0.743674767079999,0.4652679535024826
-0.0331647590422484,0.17571841686185216,0.020088835517352313,0.927610971544582
-0.0685291200721492,1.6238200510688046,-0.674505191978503,0.6697241271794787
-0.7441304109613555,1.1903533869376977,-0.9848367554585216,-0.3479882806823649
0.09884051621487325,-0.029741094833385048,1.1535137334790118,-1.3403259176716298
-0.2236899036918524,-1.9146128678210794,0.6935909695151002,0.7395261450366163
0.17705040559227575,-0.39564274998016097,-1.5552496092488792,-1.0937467211216452
1.199939187770529,-2.4540568523627417,-1.2080392861307248,-0.7215388038161936
-0.003932621063224574,0.03092085063371692,0.15116729686479363,1.3223549292440322
-1.2696641294190316,0.7176510998921226,-0.0640050174008444,-0.12345147423431418
1.0992686435162191,0.8977532114594365,-0.6510244962109595,-0.12162195138389867
-0.07936484064804222,-0.8133777631985212,-0.7052012219828495,-0.05636850276857363
-0.1502489698230242,0.6429083446234589,-0.6446505435169152,0.4418417467840536
1.9511593099140079,-0.770597169728072,1.6734409325631716,-0.5218634065278218
-1.047349888877756,-0.8201316413082426,0.5188356818882338,1.7242035121126906
0.417976398688194,0.5591747681923804,-0.2875611382723538,-1.0388368173090061
-0.5307197676826302,-0.3662707513906266,-0.0008411474234456419,0.9252886288873549
0.5881946857413634,0.02145628370442724,0.5064939787580165,0.024655196278449164
-0.774719476248875,0.23837836486115743,-0.13878571197751796,-1.4944965027418373
-0.5017365132563361,-0.9278106817785876,-0.12691380937768318,0.34594454628721705
-0.09502301031115039,-2.0932492301072343,-0.23154942530580058,2.0512978063445737
-0.5292231155130072,-0.16772779496990958,-0.4141404345907671,-0.2811998339079774
0.15062335528089024,-1.4260827773742668,-0.8395823574143048,1.296425768310792
-0.11520932030591435,0.13449394878561477,-1.740966091677458,0.30946574804361465
0.7905137081858729,0.37835557754488014,1.1876828672382043,0.6024807678001006
-0.1461464343616566,-0.15904903643893564,1.4754323274881471,0.8572482247190112
0.34236206447638895,2.0141282207841438,-1.4360927199771876,-1.5567113391896432
0.13061117591355886,-1.0712052725077261,2.742905283348075,-0.6719462241933941
-0.22655465045760453,0.34113206443933713,0.37321782676744714,0.1985848207666558
-0.29320565731118464,-1.3521065884192724,1.6529510131857603,0.35401448995933354
-0.7556639375031512,0.11538712046441708,-0.5846032709072102,-1.22917340790483
-0.2769125515017069,-2.04467790800295,-0.5812173361574052,-0.4385493356913217
0.2623973881850672,0.46818901926585876,0.47337572815454176,-1.0551363908584463
-0.5409498065996432,0.47084179501299495,-0.7624050682909315,-1.378733501690708
0.18651072329185697,-0.8418712458303482,-2.3601935364279103,1.2103635448776389
0.09899116394058789,0.7007164610328627,2.4577030405691698,-0.4493353241150647
-0.0612284144699783,0.9728182642498563,-0.12584393726638354,0.6639063999926663
0.3432012266875068,0.7387355581617775,0.7871883484320813,-0.08691772195201633
-0.5336893674468494,0.6896209434232397,-0.2927926627377454,0.28722791629719024
0.14549474491682135,-0.011966595408669994,0.2630187616462051,-0.25858677339621206
-0.2340614034471153,0.35045244196332287,-0.8008055790860867,-0.20028329137258838
-0.3278508300980153,0.3968858322561456,1.593574014774267,0.33149323873379954
-0.6237790468722575,0.20480334248460758,-0.7593104968770994,0.9300643486818976
-0.33664405146997356,-0.8228709926623604,1.5670355012689827,-0.016129004494189095
0.6523336398287144,-0.28844254910543143,0.6745102066131188,-1.94025937628733
0.9064266422604176,1.209942879030897,0.6628338133511777,1.7819430683593536
0.5702347049286631,0.6997792238259763,-1.0816976077663834,0.6103481532226747
1.2725057982722363,0.46786959641904224,3.842392747203839,1.006092544803141
-0.05557421865906438,-0.07671217144968377,-0.7783504181635861,-0.23949890133949941
-0.2069787936132912,0.3653480653201151,0.20541737290038,0.2845655350760544
-0.4550294823327658,-0.5872396702706141,1.511453198816702,1.1799293930956136
-0.6166504728499312,0.02074084797174695,0.023133906196501325,0.645818376036986
-1.0308497874901197,1.4477523233226326,0.6718964214822053,-0.704898496370483
-0.6421146828528993,-0.8714501973561637,0.8365272443846009,0.08136235067021579
0.4087333138040412,-0.7678169809988015,-0.6038664354083159,0.4381178628983303
-1.0215567347888403,-0.06798100553608905,0.012465825497122942,1.4003591133900368
0.5449525624383529,1.15758545326945,-1.455904235402166,0.9732954111435025
-0.7678328671705005,1.1290122692370574,-0.7207183405800631,-0.11090545885507547
0.6070896318547185,-1.0803170761547067,0.2664926150992076,-0.6395870141625727
0.31418935777302054,1.5384732190881023,-1.2489776909209442,0.038545875699869496
-0.9585024334741878,-1.610279775184582,-1.0872574314163854,-1.978106236754936
-0.7812288510887233,0.7064011013599777,0.7155056712455081,0.8133249967414103
1.8163295293727058,0.10414521746791246,-1.4931555470230764,-1.0244671882227214
0.43328900064341475,-0.3741803557537345,-0.32051020028442473,1.3114667403318732
-0.2770107497742692,1.2997297199713578,-0.7132460430657689,0.551683229345278
0.7856472103392786,-0.5951921272032077,0.19100303509929736,-0.5763359916946257
-0.39968695947012167,0.1097384282597146,0.7466572820553904,1.3524416406862974
-0.07365044687277021,0.8218803727404985,0.42666702638710235,0.21137820352752898
0.4361225746092441,-1.2602870097660412,-1.1104073282031754,-0.556236031377034
-0.9333802231617149,0.21062670262865169,0.4893998638356927,0.12704817690197712
0.318704048802575,-0.09145988024348706,-1.5202868613887237,0.6739414388599521
1.1273708303218093,-1.085218204232077,0.25134842932032775,0.5538013510793464
-0.13637332686077638,2.001360030229174,0.5971919577458711,0.6139255298082948
0.9737278573400443,0.04558153454924116,1.2095057998433694,-0.7824547393690152
-0.39998685199037864,0.28406968033429447,0.10841402300356617,0.5372437651468865
0.7748759182418107,-0.4795183833074381,2.0483796381462724,1.0921828231452662
0.11164694034931319,-1.0806288746871957,-0.6852326536501167,-0.4825445824755616
0.0036118796660470124,1.750104135198104,1.1459733167180943,-1.2401499326420387
-0.8156322058880834,0.4007135067998639,-0.851545705607312,0.8341189011513458
0.1149271894234512,0.271059839999896,-0.018050268694515027,-2.3086266792917294
0.2306604207982048,-1.6051086104264731,-2.045531632809156,-2.5175826017747163
-0.46723567971845265,-1.4179586051975976,-1.210038182796773,-1.2340310473036311
-0.1350732968867821,0.1669918546175787,1.487025990336817,-1.0788880225117725
-0.44644229172312805,0.18470908987312215,0.21399582411122198,1.2998314633703303
0.7916741652921241,-0.639480008552222,-0.5319617710824532,0.195602838960467
-0.40738172807825695,0.7664588223180612,-1.2952552631664225,-1.8093199244766793
0.26490614778028376,-0.530463779393921,0.3053362210402995,2.2337038243120917
-0.10882805938508147,1.1609263185051217,-0.8257312789103896,1.2882926866017799
-0.4205150626284733,-0.24285008750860262,-0.2501366421664832,1.0500961088063396
0.6650539219664824,-1.2499500897756695,-0.6403750001908102,-0.7183703400799951
-0.22478214964369392,-0.7126608643877373,-0.8998753069637002,0.898048404851099
-0.09645589276078122,1.6305995959711581,1.5030537463786307,0.9048737533357453
0.21467713757564424,0.638278298599697,2.0034967079036643,0.14665980936927336
-0.42368602171996844,-1.4179848397983745,-0.6035057419498454,-0.30321424935123215
-0.3451772106259947,0.7862796078251534,1.2267194083487136,1.4996960299837192
-0.23944654014054023,-0.1864115942670765,-0.603716576951161,0.45166126589138117
-0.5373565639204992,0.035771945961224565,-0.48239607350106695,0.6876132230028982
-0.038228847397816346,-0.06949073577483195,-0.6607937448699326,1.0489673232266605
0.29615495581490797,1.850837682426295,0.5237930950990599,1.5388524599345539
-0.7491720877731742,-0.5116920540740152,-1.0528993712118306,1.190469048201432
-0.2833475549908343,0.49054538722139,0.6230634006547766,-1.5015245464313822
-0.247045458743557,-0.452724657589484,0.022040385331956524,-1.9189966499799902
1.6568468190329337,-1.0338942554567927,-0.052353736434451834,0.5336733102907956
-0.023384801722035085,-3.2207167056232318,1.9228073235773901,1.23093518756885
0.6537406338285328,-0.8888431522728315,1.6589597432696934,0.35475999804409936
-0.04831473691247439,0.36787517807071746,-1.0994342129446493,-0.24629618419367988
-0.5595315796732935,-0.5003210419221438,0.9810247379076511,2.142100722273941
-0.1631377376641494,0.9140220088317775,-0.2065696164326985,0.9228408016587084
0.4462152103003118,1.4655155513707794,-0.3925094637913854,-1.091722012869005
0.5588213412841183,0.36593382187896933,1.9228230761796765,-1.8065658004539908
-0.49306084844941933,0.6967992325379907,-0.20465933616895626,0.6440434618013636
0.4748032045635016,0.33588397189586405,0.6194214825235084,1.6125691702728855
-0.10157010992437022,1.1624275296068656,-1.0065061486130569,-0.9709625369021073
-0.34174644911049956,2.085289737448975,-0.9502751666729838,0.321324065989886
0.17831928446747178,-0.6797034690453718,-0.37660947490432195,0.21087811462814632
-0.11757375057115571,0.32204122568050514,-0.6122757529906417,0.09052719737336463
-1.2730108274721612,-0.001303505724526068,-1.262056065710166,0.6839366781379734
0.4499075863098045,0.7723304583550334,1.3397653293197345,-1.1366771441132064
0.11607524552159651,-1.3808712854295504,0.8266870367554773,-1.2696678738981948
-0.19455969773401138,-1.7171811772291505,-0.07588882534556683,0.4462367529211652
-0.26784019441255313,0.776531208705224,0.45364732999238755,0.6228285956631269
-0.17322185601188672,0.647601415519842,-0.21158412736055582,0.6465327253283183
-0.9081801745160534,-0.5043257382574523,-1.6182321288214796,-0.5058433911449055
0.9361538609305591,-0.21113098276610398,0.784624015419039,-0.11302865398451574
0.1217661332073881,-0.5926694419713465,1.043448716969041,-0.32687637514765744
0.2436947727989089,1.3977948564668337,0.5407874940038664,0.8563277902435086
-0.03748121315836812,-1.3420238932367032,1.9288309426742407,0.37905150411652716
0.21667956424067475,-1.8461500255950798,-0.4204315687081824,-0.12600217819518353
-0.25834140784035703,1.2545201931725523,-0.7715413484686882,0.8642043370671565
-0.050200887848491936,-1.1489555277866021,0.3460301957195935,-0.18743015441296906
0.049755549317302326,-1.3301478057267422,0.37138424716942275,0.3709611249467597
-0.35949430939620164,0.42149649395067695,0.30321992740059817,1.345899726711363
-0.14264119412530019,0.905618128819083,-0.6053983532041479,-0.952092638706999
-0.5790115977574587,0.6011836963532612,-0.5907736605121032,-0.9044453670168923
-0.05362066218674292,-0.9097252949609475,-0.9602127608506369,-1.8201458712551328
0.17769183310320313,-1.6445672210422237,0.6625087593614963,0.3928563961014266
0.4136591949353953,1.1668230793809615,-0.7752253935358897,0.6559663676773198
-0.42434934930825263,1.8112083826784369,-0.1679211757023974,-1.003235073702639
0.7462278526701623,-0.5468398824836534,0.14590814133672675,1.5948981490472591
-0.02320887373389775,-1.7093162264082022,1.6454900305960378,1.7774680354130472
-1.6767813000604588,0.15294009360788932,-1.9374679720920398,1.8654028871917074
0.6007435640028542,0.9825046951275018,-0.7859596188566108,-0.7720240500655566
-0.10168475412765653,1.0676016233241532,0.06099920337636475,0.17720070224210338
-0.46580275575955804,-0.5662228237455756,0.28256684137171756,0.09802963561310611
-0.5819080555042774,1.628703022285725,-0.7420015669161135,0.5180574601346423
1.3228356660523168,0.7193510788348312,3.000766196678909,-0.3350126878873373
0.4648542377086602,1.0718937444368186,1.430407544552303,0.005177051885295207
0.028498641837691813,0.8231444994187613,1.1631758002298929,0.4319387004705101
-0.2540336222091153,-0.8747466677910939,0.014648788345668119,-0.8422062613580776
0.7060998540958988,0.8860193638263476,-0.2689995494828425,0.7067304557333127
-0.5415800825313422,0.757294986384939,0.47821273692315824,-0.8569438227725785
-0.8166530334796076,0.008654929711907615,-0.5815681267319045,0.647278394096258
0.34876742870859734,-1.2893875405278383,1.2382363753741525,0.4846065955716371
-0.27530551956247107,0.6413605700864272,-0.1464423270653012,0.9645187986335855
-0.17221974051391195,0.457386577613803,-0.9414225156657442,-0.1025573384067339
0.17601083611000626,-0.7691474333596926,-0.7649884049557152,0.8906731267976911
-0.5430021220075647,-0.011923416931527013,-0.4319836192073824,0.6727942979833494
-0.8501057235243611,-0.8756482616466033,-1.2760288270615097,0.1136303005527013
0.559774523548337,-0.7798964318394768,0.06236056865482068,0.27913536264424565
-0.3930198549384626,0.5539228353115343,-1.6803979913078455,0.12289189941140408
-0.21506711233314568,1.1032691369014902,-0.5794317845403306,-0.2924155296678037
0.04341786619374303,0.9687905761053921,0.3882514393996148,0.13563638959436658
0.06118835522227883,-0.1391929720917052,1.6839931095140361,-1.2589414001739363
0.4609428396539289,1.8489989443110668,1.8625155575530106,0.7225797701223259
-0.04680212917935324,-1.4460446506855271,0.9255939712985582,1.1965407701505861
0.4308997218452003,-0.6192912817153666,2.7771375221599772,-0.5718578357789721
-0.5895243008679854,-0.436134415497962,0.5888198064961083,0.2940896875313505
-0.3365538796247804,1.5335790451918108,0.02395398936263811,-0.6228992895831179
-0.23536660211378935,-1.2548954515347657,-0.7674408588048055,-0.03393572891628586
0.7316594223740357,0.22069216768513128,0.7540276469140901,-1.0397307546431391
0.4593517506437638,0.06407857313724982,-0.07385788674033432,-0.5817348685642585
0.12622392472479838,1.3723549250572715,-0.9721667156741344,-0.14498546492108302
0.37846257307052805,1.032663307786399,1.430476837751934,2.0545485077611416
0.3835099821113551,1.9208418590488923,-0.2346592294628771,0.26575711326840296
0.29964776162891194,-0.3571945763768675,1.352058383562277,0.929185830553327
0.44265811310033487,0.42005421095572776,-0.03937117699746266,-0.6928914473207407
0.2284568556012038,-1.4132773861456212,1.3752746110353151,-0.6704171740509147
-0.3859708068475442,0.29005354922550264,0.9357671042981683,1.188111403034376
-0.054814554733067164,0.7291579725078732,-0.292416249270364,0.9939769757511554
0.5337758554075605,-0.5300359399788879,-0.32163181636876187,0.5223804055050126
0.2676772602496839,0.32346740973360205,-0.06848358613538416,-0.5275978558653835
-0.4006189017950552,-0.7281434540904628,-1.1269911883555854,-0.8473646807731308
-0.9447212114319824,0.01395418515673053,-1.6045457459013164,-1.340800015681617
1.1830382035086915,0.32374844603817976,2.0638458418157244,-0.4716423976321714
0.17248050267973877,-0.3088754807746899,0.768033807494272,-1.6090894768506983
1.4350548880597114,-1.3294637255978998,2.8705582971455614,1.2219047294845675
-0.41965619036929264,0.30203062436180567,-0.8100044145976661,2.4266459472618
0.16233982688379844,0.3951735867119887,-0.3681791093434197,0.30846968649921147
0.6947429335153084,0.566413169580108,1.782515399178239,0.8820448738905221
-0.7856545978877176,-0.2927515158104237,-0.24639573910820983,-0.07522762041138979
-0.47334263499895984,-0.4507681686501184,-0.22773788036767537,-0.5760121429430969
-0.2392197707964761,1.5622657878699209,0.3986814259138278,0.5375906001960248
0.566686288174332,1.1032043116871395,0.5691042591296459,1.1937296043971468
0.1566294918722179,0.033259563599907116,-1.0962696236296714,0.40270492062634616
-0.024659903515904726,-0.9379586828821256,-0.6410399517815342,-0.44507731995637473
0.4387265878070194,-0.4884388586768678,-0.10599977549666835,2.5009434925871967
0.3108442410148587,0.34352505610379436,-0.8559305866195795,-0.7598694933658663
0.49892022064606023,-0.5666575878583291,-0.3965234887905484,-1.0052607271305443
-0.2553397642492675,-0.6517582063402928,0.3142566447414345,-0.4820179309044163
0.9994191466133573,-1.2272196292952189,-0.5082821977374512,-0.8909108930297784
0.11350189090454021,2.6967909872347318,0.9061358710718355,-0.2574339508080439
0.2641403248483641,-0.31253781595145874,-1.4494154386235498,-0.160689299378054
-1.3133208599455426,1.4779725366032253,-1.6247454146459748,-1.1196668278478017
-0.48244809666782307,-1.097154252804081,0.4152125322363311,-0.424376460524232
0.3864465080896338,0.7710227410779855,-1.2115015900754735,-0.4195293419200429
0.009933211935826018,0.6693153799657034,0.3243980832993002,0.7684424582360434
-0.4238179764686164,-0.31292897110764595,-1.0062763511896657,-1.0440850799679706
-0.012350039721430001,1.0237835331499923,-0.574483997584787,0.18110402589489513
-2.881086623994798,-1.5611637673283678,-0.5647855322561178,1.322836526828925
0.0016299139478696439,-0.09778263734945065,0.31360816889461585,0.6983901502980122
1.8754085365792252,0.6315103441261986,1.3264753124436448,-0.5540771431915228
0.6299282769988692,-1.0346007711096838,0.08548188114656124,-0.828844118796608
-0.35507571560132184,-0.757099730021482,-0.8718029397434396,-1.493676491933202
-0.4614522196377725,-0.9223432708173293,-0.37616295093075314,0.6488062884596904
-0.5898177008654782,-1.3592010940950772,0.6522902976426006,0.20074636507648408
-1.3585737525913177,0.4238100226510247,-0.41394694727790865,-1.1646663320870962
-0.09005502889299993,-0.7539911689982433,-0.4670658877345592,1.1652666857044025
-0.2239786271490992,-1.3882669683703242,0.9145788076824375,0.33697137137292826
0.8320503527774296,-0.30267876805579474,0.2250764468815153,0.042358332511984884
-1.4310591206107652,-1.0662291762027412,-1.2509233068887597,0.5947993636019555
-0.14304553345924492,1.8227353146296712,-0.35110443171896144,0.2346037542865562
-0.6607410773680209,1.0861419696053947,0.5589927395679963,0.96731314675014
1.424900892832204,-0.5783084226533725,0.6556290765106161,-0.08311197866347321
-2.1841436156106235,-0.4181184970826328,-0.5530098251796034,0.28306206332828737
-0.9943192007890503,0.09653323790588471,-0.5308176481949148,0.32499960812787543
-0.12537927298707202,-2.552457005417125,-0.37349555356133785,-1.5959444599790993
0.24409097286081127,-0.14263939708083787,0.47427497804328167,-2.5980434751882235
-0.7252215042601479,-1.6749518191857453,-0.5831793135668293,-0.2572496596122474
0.01552947751292677,-1.8262783260613369,-0.31986982958787397,1.0925919604985974
-0.6704050010408446,1.1035367802747398,0.173976959809777,1.7958810370925833
-1.1175575082435678,0.7476874330794924,-1.1487451349370401,-0.6990529868209564
-1.637520980020551,0.7605606038607787,-0.354242014777406,1.3899073834933517
2.350433704856694,-1.423108483100634,1.096901285611129,0.7154080559454732
-0.30461648528452123,0.44513664440353473,0.576639672761808,0.13958238934192374
0.5982425212785412,-1.501609221640582,0.13197722535642123,-1.1897127504279785
0.16590045406699083,2.4141949417780273,-0.971193750913996,0.7501738244266645
-1.1452554206649408,1.2143042819738241,-1.129748444181394,-0.41317973062682267
-3.1847705138295814,-1.483585312148801,-0.2781960504368776,0.4412400880860688
0.9112971638380272,-0.04207224750796546,-0.7224934327334083,0.6901758696671269
0.35025445849259157,-0.24577179660745968,0.8409990964015976,-0.6208266282905831
0.3502679506666008,0.3973164316887534,-0.5248274487763567,0.04835796151848193
-1.1724184378157676,-1.172166728188528,-0.7966986253795751,0.3439449257024967
-1.1260347268775714,1.172509571675384,-0.45141358688092453,0.006061694203783666
-1.406683854421924,0.8318733399288046,0.6803876474800621,0.748761771919348
-0.5992614657230232,-1.378291945956967,0.6015657371169916,0.7580786336885569
-0.25500545459897217,-0.7910563312942805,0.2469923888030951,-0.5413104559346728
-0.3291683205248153,0.9240723768879529,-0.6591078954231689,0.7998890548952612
-1.124267739726196,-1.181085704752462,-0.09026412724823234,-0.8787543293128152
-1.0170896826655969,1.1150377785621635,0.39653953409214066,-0.23595566324481462
0.5137580880748451,1.5630169011748107,-0.8531721581475643,-1.2682610326085668
0.0750997920244642,-1.0702468841404524,-0.9725005452342644,-0.7920774065726222
-0.723936565915274,1.6210449343324833,-1.1872082835868007,-0.13910940039081254
-0.4912714774869413,-1.3366705298714372,0.6881877303127509,-0.5201839911880413
0.04935277091464938,-0.11236935168162,-1.0159114688987152,-0.12195575925824767
-0.6535926866141862,-1.8367728220395032,-0.09461827207237922,-0.4739663897232249
1.6888705072104915,-0.8528488735915815,1.0509648878074564,1.7376514594075805
-0.1565686993885617,0.671554226376753,0.5652774063879565,-0.387393616583355
0.7380585378792518,0.9255342154495444,0.9869271170631523,0.591514493130027
1.1436588097805054,-1.3475232312388603,-0.06672168251262574,-1.424089845315406
-1.6521711967056403,1.9031144271862812,0.19405812826189806,1.3722953668383544
1.1489268332607185,2.319263721948772,-0.7165023809729845,0.03297964584795944
0.5468371393904031,-1.4659675465617155,-0.7256932464395877,0.807481667258131
0.20105451553735,2.880838823658433,-0.34725484715089017,-0.5104682751991831
-0.9144035458874074,0.10716639432152991,-1.0484095062275554,1.0433271183994888
-0.01712677870514275,-0.9346545390461048,-0.14396240701705532,1.1492620798797386
-1.5090426164665531,-0.2690150822624286,0.07380097895430705,0.3088958759427789
1.8536048617212049,-1.8323662165675019,0.18310317778634452,-0.07563740999299513
-1.364413462832844,-0.3110252357704835,-0.36340058597528063,-0.7747562514833569
-0.15925663051668845,0.7643291216966983,-0.8385845661281822,2.3686291395609707
0.34450259007013967,0.8199334930987037,0.34502214241321894,0.24596973248715115
-1.5395199192341444,0.14470423982459468,-0.9824565220366281,0.34840832703699054
-0.9762253826676248,-0.04886928292312255,-0.1336635766161661,0.8152589698584954
1.0729234957436928,0.7700502611710801,-0.9754790125369277,-0.23666398856275697
0.8286446777113342,0.24486786552765624,-0.4604672651695018,0.03768979480995322
0.41990039876347307,1.2587772217994697,-0.10633575682602277,0.5302609744405973
0.307663933163736,0.139077973117001,0.7952570921605027,0.1273941846921064
-1.5535637376397353,-1.2128126328629845,-0.3646055016400083,-0.39038549192939254
-2.109083056537399,-1.3098919833954679,-0.2013216770823126,-0.034568514615835814
-1.5651593926755234,-0.020983566984533623,-0.8015557947743761,-0.29508799033421845
1.7476667193721136,-1.7733537605969696,0.3185697443771163,0.2925670792075509
-1.3398520748335088,-0.2857866597273965,0.03413374637388474,-0.9225235270642361
-0.8330411416474817,-1.0744469604906741,0.6338858295896913,0.5638508940729877
-0.9633652528064369,1.4296389429561718,-0.9048054806153105,-0.18505907262109075
-0.9991882197737139,1.853942445065688,-0.446532281141987,-0.9083123937310899
0.4455551887668165,1.0848578287089239,-0.5824106430694775,-1.1945577212872198
1.4239702672601555,1.8830438006573589,-0.6375812106075905,-1.272056859303552
0.2667156837035382,-0.1976057844411964,0.03226792311182963,0.24418717018239408
0.2982519114527088,0.42052746830672716,-0.3902097507618065,-0.8601837059233091
0.03150344543444559,0.3871680430809003,0.3653943908894298,-0.4081561310725615
-0.8833333893213143,0.4469507316242345,-0.9824161405431848,-0.47711656319081835
-1.2913825914884425,-0.33567668880709217,0.774629967182514,1.8593993206673554
0.2135743082147207,1.846191207476183,-0.43677387054089534,1.194817236238764
0.7485180668873005,-0.3631069175564621,-0.4402901188161191,-0.3629704686099315
0.8185685434810922,0.38403343705268167,0.17321600659299596,0.22660174418576048
0.6343747532608479,0.1851827576947291,-0.7750815080430038,1.0439764056816025
1.2076931907184885,2.5789357080064055,0.23327969956769934,-1.3970611861321285
-0.47007171379744195,-0.7873061555135613,0.4617704761330126,-0.8863139017036832
0.7598888866748725,1.4669818781863757,-0.5548465574412681,-0.5960763952077499
0.8328479676939314,-0.6420692919256782,0.10303201472438704,-1.0610291480829213
0.5012611048128031,1.0615182997312353,0.37698925632432284,-1.1834533983707913
0.7161158414870824,0.8065679218739765,-0.25137077862330665,0.12201492315914843
-0.8473082096341568,0.37315124802045796,0.07621439921384306,1.1989360402451656
-1.9510118530946883,-1.055352466998705,-1.1818691115501754,0.488154776949229
0.544274079399653,0.5161261998092747,0.7178312504143237,-0.4874961088800723
-0.1745593648011085,1.7424674167140914,-1.2115385349294476,-1.4855584770753048
-0.372448527269877,0.38764903108594373,0.0033650472333032273,0.38055130189909153
0.21527768064486386,-0.35901751313796126,0.9822243041749247,-0.4879859556199324
1.4289103920309418,1.8532782985534908,-0.06841511101059151,-0.10372661745131226
0.943042687710032,0.4953350624261832,-0.35974284939260814,0.08978049314727495
-0.43684998793561647,-0.9594431572622362,0.5021566816385797,0.6561311100090551
0.47259384274048505,0.07233487495936229,-0.14078118472338633,-0.2748294758442906
-0.379148917403755,0.27508325189313493,0.7628557581982945,0.6566567453509444
-1.526165312200968,-0.9099636985804749,-0.924856263973138,0.39273774666129485
-0.26908599204830846,0.21521876085289254,0.412732305738291,0.3624378526655283
-0.9442943634891185,-0.3364593898835471,1.1333263241905904,1.2923084511797849
-0.8849444933605262,-0.16233198575357097,0.8214987385722241,0.14808557115191195
-1.0159637584207997,-0.6765949099513622,-0.6655047384044352,0.39756478594096284
-0.48414440613604726,-1.7015440052497337,-0.30695415388586494,-0.5519267624318511
-0.18499620045300347,-0.2268589712824844,0.44474417744345696,-0.25657779805151054
-0.08498825144648584,-0.34336969599083245,-0.22004443948237631,-0.7846452387887316
-0.8275641579261515,0.25475764846631954,-0.7799883500247832,-1.2053452055814107
0.2873802064466291,0.2022982406487591,1.8144692537226492,2.1095978011324292
1.3395188502734148,-0.36728640611564195,1.3514325641249483,0.01142902469532188
-0.812816026510231,-0.25508105448734897,-1.1240090971660686,-1.0874833726025366
-0.6394381891318451,0.26459148469615357,-0.33915226065218823,2.0023715847657697
1.356568783078246,-0.33622175225643003,0.6318886521600726,0.18050954228491572
0.016452461749563874,-1.323668440442177,-0.5444833443390853,0.45968607025819647
0.46430084415462186,0.7871502757753339,2.0412644587686914,-2.0345809029034094
0.025234461988714266,-1.7493395427014578,-0.8593735455516955,-1.3729261915061717
-1.7676635231664655,-1.1660269839854926,0.019749548089605586,1.1363878461364458
-0.6504177832739341,-1.3394178394465908,-0.09142446098500596,-0.019699269216620897
-0.08584608206138256,1.537754044022239,-0.5250436587767281,0.9632238935375098
-0.906950625672663,-0.714352999874497,0.3460056805868796,-0.4874087660101374
-0.35584199773683123,-0.5139103999614617,-0.08298832970088771,0.4897820347637449
-0.17838841453667528,0.4063864273436132,0.02911599090214677,-0.3704586378855009
-0.22549026697595717,0.6712136743809405,0.020566846574612135,1.442160736504133
1.0068364977558169,-1.3558476341451262,-0.9104437209572251,-1.1304835304138987
0.80965966477928,-0.30921640225107055,-1.0836190392142202,-0.0687076591388106
-1.0279321235724794,-1.2683067399540322,0.5557981048470167,0.3906251243230154
-0.3523872652712498,-0.7012791787252901,0.4586829987078827,-1.3062540521289459
-1.5050621918913916,-0.15539150841080657,-0.2506805840605208,1.4765168227316432
-0.8356843239194844,-0.11733386419788883,2.0822308235739047,1.1958896231279175
-1.4436315799672208,1.1258921449443924,0.07681993319899093,-1.2401940004216279
-0.5391720660079072,-0.8190041304600602,-0.6730497532318112,0.575128515502321
-0.4609665352904438,2.9853562070609647,-1.6153418111379125,0.47013722408733827
-0.1345703897705781,0.6541375377581772,1.902558705590111,-0.6974950094398346
-0.5015252672355494,-0.44703309113069006,-0.5724478914702924,2.666313551680971
-0.7054499365105302,-2.3408789930736202,-0.9518401800045396,-0.6883868815286881
-0.5855743461566856,0.800694048328358,-0.8668311377901119,0.44523306657073536
0.2645252562834339,-0.22077729234174537,0.4876703323628362,-0.45655700961342516
0.3629572659975062,-0.05535370444979341,-0.5118743262522533,-1.245952270455827
1.3807869331829796,1.9104959567779087,1.8082396686538749,1.5611355595749095
0.6447622876864672,-0.0061787197185443985,-1.7403833098374126,0.6628257426154273
0.12745417888821908,0.8766190406417427,-0.721747372612132,-0.48718288738572557
0.6266927942505132,-0.7399876433658042,0.925251519683358,0.9929671322246221
1.488862431105089,-0.5474976934509915,-1.067916704437401,-1.2025937655308805
0.12133184718319866,-0.4694554613239342,-0.37867620884845704,-0.5174606436713141
-1.5648986825735818,1.3905915618496076,1.1831514718634497,-0.3420301544527965
-1.3727530338529719,0.6692934740985378,-1.2442277734787381,2.59459183558044
-1.5503270892749217,-0.9838593331175122,1.8330254532802897,-0.06932206130644424
1.6289201892067946,0.0868274694253578,-0.10859238789119459,-0.4070651472029091
-0.07883676183281928,0.44132199449612536,0.412691965284719,-2.210145480515559
0.8423197678678372,0.2094632373741852,-0.11839821064204349,-0.0499170662766737
-0.3275703214885221,0.7358194140076887,1.1848774243780027,-0.7880721054783215
1.0545447163212969,-1.1855513931198096,-0.9742050160985068,-0.24554908446026708
1.8659841687375862,-1.5260730146333312,-1.1089683944019002,-0.06481489145567437
-1.0513167916956079,-0.117063160013068,1.6349909698541603,-0.731715409731535
0.10648484791175276,-0.09205354675673717,0.576606084985181,1.5432534973771082
0.6618208414818089,-0.8597970414293232,0.5433193430031817,-0.6805665656001259
-0.5410418065985955,0.7345591749456477,0.4031416354914736,0.9759302699510775
-1.7960094147501604,-1.034390174297602,0.8954395785651964,-0.2592993401969413
1.2791918858224491,-2.7668543095229388,-0.8052603168563485,-0.1916793854974754
0.06750219849390669,0.6072127602319094,-0.9131718336439618,-0.7704018293281557
-2.001417052855609,-0.26268920824642045,0.7877414850955667,-1.3219565040951324
0.800633873203205,-0.7484490921665722,0.13639462995182855,0.29330554177529267
0.5425643639995802,0.1367471229527271,-0.8891037584164927,-0.552111525982953
-1.5717590287136576,0.9097468698609331,-0.8372285647047245,-0.21943626057828974
-1.3108439008032902,-0.38101289415031936,0.27524015098619664,2.118530837896519
-0.06716295703974942,1.170670550803293,-0.24483039117911778,-1.661259853145741
-1.5116335884676644,1.3981855389571565,-0.2856733258018209,0.4175741329862957
0.15563678289878488,1.276637297802636,-0.42779607883375137,-1.0624770273743125
0.7961139121309724,0.6924871678625464,-0.2516183209769042,-0.689296630110454
-0.12007210929040005,0.24191094172258348,-0.7778233095387308,-0.5240557068648319
-0.15677425503173587,-1.4045383492899923,0.9427542881770434,0.9417402117021865
0.789405325999305,0.9433552036626253,0.6732164165498271,0.5071144135927912
0.1686224154706296,0.7199921515489383,1.0200399922528103,-0.009983702895315331
1.836741067542726,-0.7334995808667968,-1.3673767012677012,0.012161036872269736
-0.14131037996846496,0.4496479588980574,-1.6408259214336098,0.7139128071380232
1.1749235516826855,0.05186285534344447,-1.0380018071835795,-0.3473552859725435
-0.578176608712169,-1.7106376380064496,0.4325018481751692,-0.7442798141861414
-0.528804620898538,1.2165885696717826,-0.6944006754597284,-0.2885639687660436
-0.8248024327530232,-0.5133740043417662,-0.34940830160830333,-0.0187783323852192
0.15899954338929218,0.34829257491725363,1.4549808234177757,0.16415614544709634
1.0304093430511665,0.642186003437676,0.8284107544328865,0.8911560564582115
0.7208327106973487,1.2346533240082245,0.18379168999140977,0.09349163228461349
1.5018676965629207,-0.5691830809249239,1.861506285450689,-0.7639880001078445
-0.0641546926653337,-0.174781213862617,-1.1244698767469101,0.20532924832331206
0.5008366548988001,0.3604957201445584,-1.0072165628446323,-0.9823331683335017
-0.3271696470410277,-0.0910478319874223,-0.9266196500169664,0.407174861334282
-0.24526224214095066,0.46261039245428226,1.1041892200390269,-0.45071328384996073
0.3471242483727215,-1.355356751098187,-0.8476139572171982,-1.2692465994872786
-0.7188501157225485,-2.447991061775528,1.0101389215157976,-2.2119999455801755
-0.3166602744485184,-0.02772627405182907,-0.620752001957534,0.7462499997606754
-0.47752001445908504,-1.4006444935431668,-1.1399325175551511,-0.15361452663127684
-1.454971393167025,0.6264714444545392,-0.8219703402296317,1.5783681511584386
0.7309684057812782,-0.410045213356054,0.5705536211044935,-1.5419396893773785
-1.2818180504796115,0.09352891217393855,-0.37468269933305626,0.4811620351893124
0.24553394579473406,1.2893200665124167,-0.6375431220072016,0.6693878062242681
0.19757267409899046,-1.1763644478951047,0.4935494766723097,0.08169504698178233
-1.0957176155784145,-0.3036281377698179,-0.14894159657952435,-0.9720198570593773
0.18261549245448716,0.0244627202738042,-0.5811249860129699,-0.020560719420522264
1.534605357613251,0.8395938789573677,0.24228397939331842,0.36512513278854214
-0.28665661744746107,0.2425421972064934,-0.581589743280208,0.6793602222098244
-1.0901198077864274,0.589508414847186,0.5709023604128585,-1.3924946907667122
1.3141118174293198,-0.018533406992420544,-0.7838126959998912,-2.049872650171924
1.4038610851594229,1.0054911073339436,-1.3972133745540394,1.049881514921265
0.007948728127560093,-0.10719887483522647,-0.6350794494240033,-0.6693795906867318
0.9185069999221754,-0.21460716820177694,-1.0703795491831316,0.9712853734560187
-0.18509148649244267,1.1984881191097778,0.237591345503177,-2.182210933743126
0.10423223164442316,-0.05248460073921505,-0.6994340415321906,-0.7980530825730408
0.46207126799247294,0.8919382648069477,-0.6262397463052939,-0.6705982484720534
-0.3118294436070129,1.1757508439265236,0.9301221119109498,-0.04265934152165925
-1.499188259732959,-0.6910545320592228,-1.401868309890571,-0.5768572152436634
-0.49827229087716596,-0.042156704183906685,-0.03239579221485886,1.5171628397782346
0.7145038980716653,0.47882996398426586,3.201527093051505,-0.030174161837707245
-0.2777225013406202,0.8938954766529197,1.3744532099560935,0.10829074048345425
-1.9326243652954973,0.5288901530764213,1.3516327316622192,-0.30788334370573484
0.9184010095538152,-0.46358769267671296,-0.7248067547318326,1.3194641383484291
0.11165704391615912,0.9266340779602413,0.546193395743422,0.4331713693627711
-0.37209746657893883,-0.22901289011043782,-0.6352517532371834,-0.6799544953649133
1.0699476465489002,-0.44717376838369544,-1.0282461922127772,-0.5720062414171366
0.8657275744541116,0.48327640143985695,1.4229161055840218,0.2438151623626944
-0.316724317898961,-0.7607222519596903,0.318213186208723,0.4352704025612976
-0.5438743628268152,1.5049672222389041,0.0819419089792812,0.35933577559792684
-0.2668291356410122,-0.03777668558975985,-1.4726604680055346,-1.9293286461787813
0.8240847222232375,0.3195737194118118,-0.22827835806665667,0.656795147586002
-0.5947670274405547,-0.07618236002054032,-1.4191035722045884,1.0264110168463976
0.6698066422632293,0.3867637420812863,-1.2973853164341351,0.853411837749955
-0.9624235221773925,-0.40654111238729446,-2.3624649654218386,-0.01078819973925623
-1.2598182720775482,0.04287349910908391,-1.7633498784811534,0.7982036808604728
0.5830300107161057,-0.13451189008833933,-1.8271448818360856,-0.1725692835634723
1.1960103840096734,-0.09890360611278379,-1.1449273646932883,0.2160188462811563
0.7914042684008444,-1.786949890141532,-0.08195855808333195,-0.9652678060291149
-0.8722663895008592,0.3685737320716765,-0.45272354206636234,1.732330797119835
0.5399658590220908,-0.9844895509374912,2.123070819376536,0.6547641593928794
-0.6458151189755583,0.12760229833773074,-2.379678804150688,-0.8871681271504169
1.3683265329693604,0.7223218160828098,3.5326073253733687,-2.120345142165188
1.4673290730852844,0.39049698228117574,0.46788687184011546,-0.35935786295062405
1.570856034551032,0.502034192670077,-0.8146029427102438,0.4688096610564811
-0.755491555939739,-1.0943915254210157,-1.147794770572007,0.8407668368732177
-1.0073837546643987,-0.1990269233137157,0.22944000354219343,-0.747385089095409
-0.08942985700448118,-1.1720854225083648,-0.6610317464668423,-0.9048828698115071
0.11106936578228306,0.2644146309652191,-0.9158796474338803,2.5637039565067172
0.23377209857111556,0.4886405444373401,1.114828374212768,0.8360558143049625
0.3510238849829356,-0.2855345360743564,2.497710387626497,2.0246963673713623
-0.06020171969064968,-0.7714464190234878,0.9910677963230434,0.833057962754271
1.042064774771879,0.8030971355523056,1.0955189448762008,1.329340175913204
0.21562424762837185,-0.8065900059556371,1.3624773286043725,1.2127527042917998
-1.1533849881539446,-0.2471637420343001,-0.1549709979981276,-1.400395504105308
1.739434225484643,0.03241985139180991,-0.6466693343740908,2.166603096402696
-0.32895164395002374,-1.0781308009071462,-1.3644072261083717,0.6139312679500635
0.8152371184347708,0.3652489838608904,-0.8937810711075543,-0.0887879459628837
-0.0895074881260016,0.3285707064881717,-0.045045931920521795,-1.0689286727517866
-1.4057044663812082,0.9275106843259255,0.06895409367963877,-0.4167471116201622
-0.6707956903831669,-0.7047185743822283,-1.5685458668644976,-0.9169796568138701
-0.6431880755787117,-1.2422304081982167,-0.8007166803592175,-0.06014450500409379
-0.10336690803055841,-0.028270324416073047,0.22137076878787743,0.6064913823780205
0.2709578249572475,0.4050107302168107,1.0865615622797955,0.0895271563340657
1.0212396496846985,-1.4281057990318906,-0.2672148740901218,-2.1988305893153295
-1.1023149776254806,-0.8554673602370941,1.865151363066646,-1.1917946494084934
1.1346325775461652,0.16460142946001013,2.081764520874857,1.5987835579708258
1.3493032636159341,0.34599221969451804,-0.01591656524156662,-1.1026523622161382
0.6705963401162071,0.37196347576070865,0.17852222003064175,0.3674881412459672
-0.3004681668307403,-0.6977759572774588,-1.647481220550711,0.05425845970627492
1.4808766757363032,0.9377105702723644,1.938071865045533,0.39488067382253705
-1.033925073718915,0.09071783900561863,0.057598053894814344,-0.8229328684567104
-1.5702174349802343,-0.031811178624130326,-0.7513617885291917,0.24584450980910136
0.9164388107759762,-0.9502591623122324,1.4527357144854984,0.12903983872894065
-0.20614951488902783,-1.2152684304626857,0.585601346158074,-0.47983298877894454
-0.8352511286868363,0.041913425298844384,-1.1591518685308801,-1.2920085037127458
-1.123041431146393,1.4901903054759333,-0.27387804821899864,-0.9256144467841344
-1.0476298298215965,-0.2754708196292458,2.40098412496806,-0.5610088295105949
-1.047203720641603,-0.9879493572640531,-0.8461550597456678,0.2986565895130805
-0.8727898337168084,-0.7276696660122004,-2.1048900448361447,0.6069501484011588
0.9430751557230072,-1.4360314550240043,-0.14702574804717505,1.8331633000441319
0.3938122025040043,-0.8940622647600318,1.08663639575554,-0.8748670630551626
0.07851257701184905,0.44574032558757615,-0.027853687349333984,1.9516723784378354
1.0755782306152217,-1.4118299500538067,0.13163462554519412,1.3121099351767989
-0.5245187199131535,-1.6470652674815838,-0.968120753698972,-2.153609468163133
2.346855883451831,0.8737730014404389,1.1847154341126174,0.5461758457218185
-0.35523175920608246,0.36029398205999186,-0.3236677844707767,0.7031377259727124
-0.9747564876498382,0.747328450360829,-1.2365814455359427,-1.7945918075160037
1.7373011966040892,0.40867596815592305,0.038838677162999505,-1.9633267449557232
1.9815043382359374,-0.7174826664442547,-0.7325852872601765,-1.4204150737281551
-0.22351754803259216,-2.6722802050852663,-1.4911673983757894,0.22522321905582834
-0.8374892445967204,0.020947906388554195,0.38002323844889085,-0.985404962479942
-0.687656179807858,1.2395511046998375,-1.5230620005889512,0.15198313302110136
-0.8892977900931505,-0.3251112351968098,-0.5214271339373798,0.3147642374826108
2.4733650417238535,0.18598976476021883,0.7390537585189181,0.16460508822643455
-0.594179754018312,1.820219193816147,-0.4239558403477286,-0.44079987216055566
2.571360070296631,0.4785079223853991,0.8180703574123128,2.193084335193856
0.17965949930235808,0.44811222737657624,2.2185814296150292,-1.1489652685517986
-1.5926371150090226,-0.6806768617000457,-1.2606852375699722,-2.0815581985595766
0.1960415540089008,1.2874652093950976,0.02437360541950915,0.30610664544098065
1.2168704756459277,1.2421597221768073,-0.5526992367944805,-1.195803914251809
-0.7689771040438976,0.02717558396097166,-1.9406598770442727,1.4554769092809425
0.34344026560182994,-0.6008628861647137,1.895093599977741,-0.02690870132005277
-0.2995839836578376,1.5681938649332698,-0.3776256789636577,0.7763623595253295
-2.4248493163163443,0.9840750220565446,0.28265722638689744,-1.1069317549021291
0.8799925660303998,0.6874841898348696,0.6897631390390007,0.3672785190530229
-0.1323519488623729,0.028462322013374102,0.2754428304988655,0.5807602406770969
-0.8496253139994929,0.5147991006734605,-0.2046188997684208,0.3664406658960546
0.7541833507602226,-0.8111834308070308,0.6028395598243607,0.25362094236092486
1.3058133039696511,0.8023785679870992,-0.7228746666711157,-1.1368327352987475
-0.2862350776986657,-0.7065994896609659,-0.5737075815701145,0.2193462278665854
3.0466414552399286,0.48717119944648984,1.6704698970213854,-1.7047220937843637
-0.7267688356218975,-0.41439662983656755,0.4269446092795724,-0.8780382609062174
-1.7022534600751884,0.5729478572952715,2.839960131921826,-0.11012923170675307
